# px1=300,250  px2=301,251  fps=60.0
frame,px1_raw,px1_denoised,px2_raw,px2_denoised
0,20360.0,20350.7265625,20348.0,20345.33203125
1,20376.0,20350.822265625,20332.0,20345.42578125
2,20336.0,20350.91796875,20348.0,20345.521484375
3,20360.0,20351.017578125,20324.0,20345.62109375
4,20328.0,20351.1171875,20348.0,20345.71875
5,20336.0,20351.21875,20340.0,20345.8203125
6,20360.0,20351.318359375,20348.0,20345.921875
7,20344.0,20351.421875,20348.0,20346.0234375
8,20336.0,20351.5234375,20364.0,20346.125
9,20328.0,20351.625,20348.0,20346.2265625
10,20336.0,20351.724609375,20348.0,20346.326171875
11,20320.0,20351.8203125,20324.0,20346.421875
12,20328.0,20351.9140625,20324.0,20346.517578125
13,20344.0,20352.0,20332.0,20346.607421875
14,20344.0,20352.08984375,20332.0,20346.69921875
15,20376.0,20352.16796875,20356.0,20346.78125
16,20352.0,20352.251953125,20340.0,20346.869140625
17,20352.0,20352.34765625,20348.0,20346.966796875
18,20328.0,20352.4375,20356.0,20347.060546875
19,20328.0,20352.52734375,20372.0,20347.15234375
20,20360.0,20352.61328125,20340.0,20347.2421875
21,20336.0,20352.6953125,20340.0,20347.328125
22,20352.0,20352.77734375,20314.0,20347.4140625
23,20336.0,20352.841796875,20340.0,20347.484375
24,20360.0,20352.90625,20332.0,20347.5546875
25,20336.0,20352.97265625,20348.0,20347.62890625
26,20360.0,20353.04296875,20324.0,20347.703125
27,20344.0,20353.09765625,20332.0,20347.765625
28,20336.0,20353.154296875,20364.0,20347.828125
29,20360.0,20353.1953125,20348.0,20347.87890625
30,20360.0,20353.24609375,20340.0,20347.93359375
31,20344.0,20353.279296875,20340.0,20347.974609375
32,20360.0,20353.3203125,20340.0,20348.01953125
33,20344.0,20353.3828125,20324.0,20348.0859375
34,20344.0,20353.44140625,20356.0,20348.1484375
35,20328.0,20353.5078125,20356.0,20348.21484375
36,20360.0,20353.56640625,20340.0,20348.279296875
37,20352.0,20353.6171875,20340.0,20348.3359375
38,20336.0,20353.66796875,20340.0,20348.390625
39,20344.0,20353.70703125,20348.0,20348.4375
40,20352.0,20353.748046875,20324.0,20348.486328125
41,20344.0,20353.794921875,20340.0,20348.5390625
42,20344.0,20353.8359375,20340.0,20348.58984375
43,20360.0,20353.8671875,20314.0,20348.6328125
44,20328.0,20353.900390625,20356.0,20348.673828125
45,20336.0,20353.921875,20372.0,20348.70703125
46,20344.0,20353.943359375,20340.0,20348.73828125
47,20336.0,20353.947265625,20340.0,20348.755859375
48,20368.0,20353.955078125,20348.0,20348.76953125
49,20352.0,20353.97265625,20356.0,20348.796875
50,20336.0,20353.984375,20356.0,20348.8203125
51,20352.0,20353.990234375,20348.0,20348.837890625
52,20336.0,20353.998046875,20324.0,20348.859375
53,20344.0,20354.001953125,20314.0,20348.87890625
54,20344.0,20354.005859375,20332.0,20348.8984375
55,20328.0,20354.001953125,20356.0,20348.91015625
56,20352.0,20353.99609375,20348.0,20348.91796875
57,20352.0,20353.986328125,20332.0,20348.921875
58,20344.0,20353.982421875,20324.0,20348.9375
59,20352.0,20353.974609375,20340.0,20348.9453125
60,20344.0,20353.96875,20340.0,20348.95703125
61,20344.0,20353.9609375,20340.0,20348.966796875
62,20336.0,20353.9609375,20340.0,20348.98828125
63,20352.0,20353.96875,20332.0,20349.01171875
64,20344.0,20353.984375,20324.0,20349.04296875
65,20360.0,20354.0,20356.0,20349.076171875
66,20336.0,20354.015625,20340.0,20349.109375
67,20336.0,20354.044921875,20356.0,20349.16015625
68,20360.0,20354.068359375,20348.0,20349.201171875
69,20360.0,20354.1015625,20340.0,20349.251953125
70,20352.0,20354.125,20340.0,20349.294921875
71,20360.0,20354.171875,20324.0,20349.35546875
72,20376.0,20354.21484375,20332.0,20349.4140625
73,20336.0,20354.248046875,20348.0,20349.46484375
74,20344.0,20354.2734375,20314.0,20349.5078125
75,20336.0,20354.306640625,20348.0,20349.556640625
76,20328.0,20354.3359375,20348.0,20349.6015625
77,20352.0,20354.37890625,20340.0,20349.66015625
78,20344.0,20354.41796875,20340.0,20349.70703125
79,20344.0,20354.46484375,20332.0,20349.765625
80,20328.0,20354.515625,20332.0,20349.826171875
81,20344.0,20354.5546875,20340.0,20349.875
82,20376.0,20354.5859375,20364.0,20349.91796875
83,20352.0,20354.615234375,20340.0,20349.95703125
84,20336.0,20354.640625,20348.0,20349.994140625
85,20360.0,20354.66796875,20340.0,20350.03125
86,20352.0,20354.69140625,20348.0,20350.06640625
87,20344.0,20354.71875,20348.0,20350.1015625
88,20344.0,20354.74609375,20356.0,20350.13671875
89,20336.0,20354.77734375,20372.0,20350.17578125
90,20360.0,20354.80859375,20348.0,20350.21484375
91,20344.0,20354.845703125,20356.0,20350.255859375
92,20328.0,20354.87890625,20348.0,20350.294921875
93,20344.0,20354.9140625,20364.0,20350.3359375
94,20320.0,20354.95703125,20356.0,20350.384765625
95,20336.0,20354.998046875,20364.0,20350.4296875
96,20328.0,20355.048828125,20348.0,20350.4921875
97,20320.0,20355.09375,20340.0,20350.55078125
98,20336.0,20355.13671875,20348.0,20350.603515625
99,20328.0,20355.171875,20340.0,20350.65234375
100,20336.0,20355.201171875,20348.0,20350.69140625
101,20320.0,20355.23046875,20348.0,20350.732421875
102,20384.0,20355.255859375,20348.0,20350.763671875
103,20360.0,20355.27734375,20340.0,20350.791015625
104,20336.0,20355.294921875,20348.0,20350.81640625
105,20360.0,20355.31640625,20340.0,20350.845703125
106,20352.0,20355.33203125,20356.0,20350.86328125
107,20344.0,20355.34765625,20324.0,20350.8828125
108,20344.0,20355.361328125,20332.0,20350.8984375
109,20376.0,20355.375,20348.0,20350.9140625
110,20344.0,20355.388671875,20356.0,20350.9296875
111,20336.0,20355.40234375,20340.0,20350.9453125
112,20352.0,20355.42578125,20388.0,20350.974609375
113,20344.0,20355.453125,20348.0,20351.0078125
114,20360.0,20355.470703125,20348.0,20351.02734375
115,20352.0,20355.494140625,20348.0,20351.0546875
116,20328.0,20355.51171875,20340.0,20351.06640625
117,20368.0,20355.52734375,20348.0,20351.08203125
118,20360.0,20355.541015625,20348.0,20351.08984375
119,20320.0,20355.556640625,20348.0,20351.09765625
120,20344.0,20355.576171875,20348.0,20351.11328125
121,20344.0,20355.595703125,20340.0,20351.12890625
122,20352.0,20355.607421875,20356.0,20351.12890625
123,20352.0,20355.62109375,20340.0,20351.1328125
124,20360.0,20355.630859375,20372.0,20351.1328125
125,20360.0,20355.64453125,20348.0,20351.1328125
126,20352.0,20355.65234375,20332.0,20351.12890625
127,20344.0,20355.658203125,20348.0,20351.123046875
128,20320.0,20355.66796875,20324.0,20351.125
129,20360.0,20355.673828125,20348.0,20351.125
130,20328.0,20355.677734375,20332.0,20351.119140625
131,20336.0,20355.677734375,20340.0,20351.111328125
132,20328.0,20355.677734375,20364.0,20351.099609375
133,20336.0,20355.67578125,20348.0,20351.087890625
134,20360.0,20355.67578125,20332.0,20351.07421875
135,20344.0,20355.673828125,20340.0,20351.05859375
136,20360.0,20355.669921875,20340.0,20351.044921875
137,20360.0,20355.66796875,20364.0,20351.03125
138,20320.0,20355.671875,20340.0,20351.01953125
139,20336.0,20355.671875,20364.0,20351.005859375
140,20360.0,20355.67578125,20356.0,20350.99609375
141,20344.0,20355.6796875,20348.0,20350.984375
142,20344.0,20355.68359375,20356.0,20350.9765625
143,20320.0,20355.69140625,20372.0,20350.96875
144,20360.0,20355.6953125,20356.0,20350.9609375
145,20344.0,20355.697265625,20348.0,20350.951171875
146,20360.0,20355.705078125,20372.0,20350.947265625
147,20352.0,20355.712890625,20340.0,20350.94140625
148,20344.0,20355.72265625,20348.0,20350.939453125
149,20368.0,20355.734375,20364.0,20350.9375
150,20352.0,20355.748046875,20340.0,20350.9375
151,20360.0,20355.763671875,20364.0,20350.94140625
152,20360.0,20355.78125,20348.0,20350.9453125
153,20352.0,20355.796875,20356.0,20350.947265625
154,20328.0,20355.81640625,20380.0,20350.953125
155,20344.0,20355.8359375,20380.0,20350.958984375
156,20344.0,20355.857421875,20356.0,20350.970703125
157,20344.0,20355.884765625,20364.0,20350.984375
158,20344.0,20355.90234375,20356.0,20350.990234375
159,20336.0,20355.923828125,20340.0,20351.0
160,20360.0,20355.9296875,20340.0,20350.9921875
161,20352.0,20355.931640625,20364.0,20350.98046875
162,20368.0,20355.94140625,20364.0,20350.978515625
163,20344.0,20355.9453125,20348.0,20350.97265625
164,20328.0,20355.9609375,20340.0,20350.9765625
165,20352.0,20355.9765625,20332.0,20350.98046875
166,20376.0,20356.0,20348.0,20350.99609375
167,20352.0,20356.02734375,20348.0,20351.01171875
168,20352.0,20356.0546875,20356.0,20351.029296875
169,20344.0,20356.078125,20356.0,20351.04296875
170,20344.0,20356.111328125,20364.0,20351.06640625
171,20360.0,20356.14453125,20348.0,20351.09375
172,20320.0,20356.18359375,20340.0,20351.125
173,20336.0,20356.224609375,20348.0,20351.158203125
174,20336.0,20356.265625,20348.0,20351.19140625
175,20328.0,20356.31640625,20356.0,20351.232421875
176,20336.0,20356.349609375,20372.0,20351.255859375
177,20336.0,20356.3828125,20348.0,20351.275390625
178,20336.0,20356.42578125,20340.0,20351.30859375
179,20344.0,20356.47265625,20340.0,20351.34765625
180,20344.0,20356.53125,20356.0,20351.39453125
181,20336.0,20356.5859375,20340.0,20351.44140625
182,20304.0,20356.650390625,20356.0,20351.5
183,20344.0,20356.72265625,20372.0,20351.5625
184,20336.0,20356.791015625,20364.0,20351.623046875
185,20344.0,20356.861328125,20364.0,20351.685546875
186,20344.0,20356.9375,20364.0,20351.755859375
187,20352.0,20357.015625,20372.0,20351.828125
188,20320.0,20357.09765625,20340.0,20351.90234375
189,20352.0,20357.18359375,20356.0,20351.982421875
190,20336.0,20357.26171875,20340.0,20352.052734375
191,20344.0,20357.33984375,20348.0,20352.123046875
192,20320.0,20357.40234375,20340.0,20352.171875
193,20368.0,20357.45703125,20372.0,20352.21875
194,20336.0,20357.521484375,20364.0,20352.2734375
195,20344.0,20357.5703125,20348.0,20352.31640625
196,20360.0,20357.630859375,20364.0,20352.37109375
197,20360.0,20357.685546875,20356.0,20352.421875
198,20336.0,20357.75,20364.0,20352.484375
199,20352.0,20357.80078125,20364.0,20352.5390625
200,20336.0,20357.859375,20364.0,20352.59375
201,20352.0,20357.923828125,20356.0,20352.65625
202,20344.0,20357.9921875,20372.0,20352.7265625
203,20312.0,20358.060546875,20348.0,20352.798828125
204,20360.0,20358.130859375,20348.0,20352.873046875
205,20344.0,20358.201171875,20348.0,20352.947265625
206,20352.0,20358.263671875,20324.0,20353.017578125
207,20360.0,20358.330078125,20372.0,20353.091796875
208,20344.0,20358.37890625,20356.0,20353.150390625
209,20344.0,20358.42578125,20364.0,20353.203125
210,20352.0,20358.48046875,20356.0,20353.267578125
211,20352.0,20358.53515625,20356.0,20353.328125
212,20360.0,20358.599609375,20340.0,20353.3984375
213,20344.0,20358.66796875,20364.0,20353.47265625
214,20360.0,20358.73828125,20364.0,20353.548828125
215,20360.0,20358.818359375,20356.0,20353.6328125
216,20336.0,20358.890625,20364.0,20353.708984375
217,20360.0,20358.958984375,20356.0,20353.783203125
218,20344.0,20359.04296875,20332.0,20353.8671875
219,20336.0,20359.12890625,20340.0,20353.95703125
220,20360.0,20359.21875,20356.0,20354.046875
221,20344.0,20359.31640625,20356.0,20354.146484375
222,20344.0,20359.423828125,20348.0,20354.25
223,20344.0,20359.541015625,20356.0,20354.36328125
224,20360.0,20359.6640625,20340.0,20354.478515625
225,20336.0,20359.76953125,20364.0,20354.58203125
226,20336.0,20359.8828125,20348.0,20354.685546875
227,20352.0,20359.998046875,20348.0,20354.79296875
228,20360.0,20360.109375,20348.0,20354.8984375
229,20336.0,20360.23046875,20348.0,20355.01171875
230,20344.0,20360.34375,20372.0,20355.119140625
231,20360.0,20360.47265625,20388.0,20355.23828125
232,20344.0,20360.591796875,20372.0,20355.35546875
233,20344.0,20360.705078125,20356.0,20355.4609375
234,20344.0,20360.810546875,20348.0,20355.564453125
235,20376.0,20360.923828125,20372.0,20355.673828125
236,20360.0,20361.03125,20364.0,20355.77734375
237,20376.0,20361.1484375,20364.0,20355.890625
238,20336.0,20361.26171875,20372.0,20356.00390625
239,20312.0,20361.388671875,20340.0,20356.12890625
240,20344.0,20361.533203125,20348.0,20356.271484375
241,20336.0,20361.673828125,20356.0,20356.41015625
242,20368.0,20361.794921875,20372.0,20356.53125
243,20344.0,20361.92578125,20364.0,20356.662109375
244,20352.0,20362.0390625,20364.0,20356.775390625
245,20344.0,20362.15625,20356.0,20356.890625
246,20360.0,20362.259765625,20364.0,20356.99609375
247,20344.0,20362.3671875,20364.0,20357.103515625
248,20368.0,20362.486328125,20364.0,20357.22265625
249,20352.0,20362.609375,20348.0,20357.345703125
250,20360.0,20362.708984375,20340.0,20357.4453125
251,20344.0,20362.8125,20364.0,20357.546875
252,20368.0,20362.900390625,20364.0,20357.638671875
253,20344.0,20362.98828125,20380.0,20357.73046875
254,20360.0,20363.06640625,20364.0,20357.8125
255,20376.0,20363.1328125,20396.0,20357.880859375
256,20352.0,20363.212890625,20356.0,20357.96484375
257,20352.0,20363.296875,20356.0,20358.048828125
258,20360.0,20363.365234375,20364.0,20358.12109375
259,20376.0,20363.421875,20356.0,20358.177734375
260,20360.0,20363.46875,20372.0,20358.2265625
261,20344.0,20363.5078125,20372.0,20358.26953125
262,20344.0,20363.544921875,20372.0,20358.30859375
263,20368.0,20363.55859375,20356.0,20358.328125
264,20360.0,20363.576171875,20356.0,20358.349609375
265,20360.0,20363.609375,20372.0,20358.38671875
266,20328.0,20363.638671875,20372.0,20358.421875
267,20360.0,20363.66015625,20348.0,20358.44921875
268,20352.0,20363.68359375,20364.0,20358.4765625
269,20344.0,20363.69140625,20356.0,20358.4921875
270,20360.0,20363.708984375,20380.0,20358.515625
271,20352.0,20363.7109375,20380.0,20358.52734375
272,20344.0,20363.716796875,20356.0,20358.541015625
273,20352.0,20363.734375,20372.0,20358.564453125
274,20368.0,20363.7578125,20356.0,20358.59375
275,20344.0,20363.78125,20356.0,20358.62109375
276,20344.0,20363.806640625,20372.0,20358.65234375
277,20352.0,20363.830078125,20372.0,20358.6796875
278,20352.0,20363.857421875,20372.0,20358.712890625
279,20328.0,20363.880859375,20364.0,20358.7421875
280,20376.0,20363.8984375,20348.0,20358.765625
281,20376.0,20363.908203125,20364.0,20358.783203125
282,20344.0,20363.92578125,20332.0,20358.80859375
283,20362.0,20363.94140625,20372.0,20358.830078125
284,20362.0,20363.96484375,20348.0,20358.859375
285,20346.0,20363.98828125,20364.0,20358.890625
286,20338.0,20364.01171875,20356.0,20358.923828125
287,20346.0,20364.044921875,20372.0,20358.96484375
288,20330.0,20364.068359375,20364.0,20358.99609375
289,20354.0,20364.08984375,20348.0,20359.02734375
290,20338.0,20364.12109375,20356.0,20359.06640625
291,20354.0,20364.1640625,20364.0,20359.115234375
292,20362.0,20364.2109375,20372.0,20359.169921875
293,20378.0,20364.26171875,20348.0,20359.228515625
294,20362.0,20364.318359375,20364.0,20359.291015625
295,20362.0,20364.390625,20340.0,20359.37109375
296,20330.0,20364.4609375,20356.0,20359.44921875
297,20370.0,20364.5234375,20348.0,20359.51953125
298,20362.0,20364.58984375,20356.0,20359.59375
299,20362.0,20364.66015625,20356.0,20359.67578125
300,20346.0,20364.734375,20356.0,20359.755859375
301,20354.0,20364.818359375,20356.0,20359.84765625
302,20362.0,20364.89453125,20348.0,20359.931640625
303,20362.0,20364.978515625,20364.0,20360.0234375
304,20330.0,20365.048828125,20364.0,20360.1015625
305,20346.0,20365.107421875,20364.0,20360.166015625
306,20346.0,20365.173828125,20348.0,20360.240234375
307,20338.0,20365.23046875,20348.0,20360.3046875
308,20338.0,20365.296875,20340.0,20360.37890625
309,20362.0,20365.36328125,20356.0,20360.453125
310,20362.0,20365.4375,20364.0,20360.53515625
311,20354.0,20365.5078125,20340.0,20360.615234375
312,20354.0,20365.58203125,20380.0,20360.6953125
313,20362.0,20365.65625,20348.0,20360.775390625
314,20338.0,20365.740234375,20356.0,20360.8671875
315,20338.0,20365.82421875,20380.0,20360.95703125
316,20346.0,20365.91015625,20356.0,20361.05078125
317,20346.0,20365.99609375,20356.0,20361.142578125
318,20354.0,20366.08203125,20364.0,20361.23828125
319,20346.0,20366.16796875,20340.0,20361.33203125
320,20338.0,20366.25,20372.0,20361.421875
321,20354.0,20366.328125,20356.0,20361.51171875
322,20362.0,20366.412109375,20364.0,20361.60546875
323,20346.0,20366.4921875,20380.0,20361.697265625
324,20362.0,20366.578125,20372.0,20361.79296875
325,20370.0,20366.6640625,20372.0,20361.888671875
326,20362.0,20366.751953125,20348.0,20361.986328125
327,20370.0,20366.837890625,20356.0,20362.080078125
328,20346.0,20366.921875,20364.0,20362.169921875
329,20346.0,20367.001953125,20348.0,20362.2578125
330,20362.0,20367.0859375,20364.0,20362.349609375
331,20354.0,20367.166015625,20356.0,20362.43359375
332,20378.0,20367.248046875,20356.0,20362.51953125
333,20362.0,20367.32421875,20364.0,20362.599609375
334,20362.0,20367.404296875,20356.0,20362.6796875
335,20378.0,20367.482421875,20356.0,20362.755859375
336,20354.0,20367.560546875,20348.0,20362.8359375
337,20354.0,20367.6484375,20388.0,20362.92578125
338,20378.0,20367.734375,20380.0,20363.01171875
339,20362.0,20367.82421875,20348.0,20363.103515625
340,20346.0,20367.91015625,20356.0,20363.19140625
341,20370.0,20367.998046875,20348.0,20363.27734375
342,20362.0,20368.08203125,20348.0,20363.359375
343,20346.0,20368.1640625,20372.0,20363.4375
344,20362.0,20368.248046875,20372.0,20363.51953125
345,20354.0,20368.333984375,20356.0,20363.603515625
346,20362.0,20368.4140625,20356.0,20363.6796875
347,20346.0,20368.48828125,20364.0,20363.75
348,20386.0,20368.5625,20364.0,20363.818359375
349,20378.0,20368.630859375,20372.0,20363.876953125
350,20394.0,20368.6953125,20380.0,20363.935546875
351,20346.0,20368.748046875,20364.0,20363.98046875
352,20338.0,20368.8046875,20356.0,20364.033203125
353,20378.0,20368.8671875,20396.0,20364.09765625
354,20338.0,20368.92578125,20348.0,20364.15234375
355,20370.0,20368.978515625,20348.0,20364.205078125
356,20370.0,20369.029296875,20356.0,20364.25390625
357,20378.0,20369.072265625,20348.0,20364.29296875
358,20362.0,20369.115234375,20380.0,20364.33203125
359,20346.0,20369.14453125,20372.0,20364.353515625
360,20362.0,20369.173828125,20364.0,20364.375
361,20362.0,20369.212890625,20364.0,20364.40625
362,20346.0,20369.25,20348.0,20364.43359375
363,20370.0,20369.28125,20356.0,20364.45703125
364,20362.0,20369.3125,20364.0,20364.4765625
365,20362.0,20369.3359375,20388.0,20364.486328125
366,20330.0,20369.36328125,20364.0,20364.50390625
367,20362.0,20369.380859375,20364.0,20364.5078125
368,20370.0,20369.40234375,20380.0,20364.51953125
369,20378.0,20369.4296875,20348.0,20364.5390625
370,20378.0,20369.45703125,20364.0,20364.552734375
371,20378.0,20369.482421875,20364.0,20364.56640625
372,20362.0,20369.505859375,20372.0,20364.57421875
373,20354.0,20369.529296875,20364.0,20364.58203125
374,20346.0,20369.55078125,20388.0,20364.5859375
375,20370.0,20369.572265625,20364.0,20364.58984375
376,20378.0,20369.59375,20348.0,20364.591796875
377,20378.0,20369.609375,20348.0,20364.591796875
378,20378.0,20369.625,20356.0,20364.5859375
379,20346.0,20369.640625,20372.0,20364.58203125
380,20378.0,20369.65625,20364.0,20364.57421875
381,20338.0,20369.677734375,20364.0,20364.57421875
382,20354.0,20369.697265625,20388.0,20364.5703125
383,20354.0,20369.724609375,20364.0,20364.576171875
384,20346.0,20369.75390625,20396.0,20364.583984375
385,20346.0,20369.7734375,20364.0,20364.583984375
386,20362.0,20369.794921875,20372.0,20364.58203125
387,20362.0,20369.8203125,20372.0,20364.587890625
388,20362.0,20369.84375,20348.0,20364.58984375
389,20346.0,20369.875,20364.0,20364.6015625
390,20346.0,20369.90234375,20372.0,20364.607421875
391,20362.0,20369.94921875,20388.0,20364.6328125
392,20370.0,20369.9921875,20364.0,20364.658203125
393,20378.0,20370.02734375,20364.0,20364.671875
394,20338.0,20370.0625,20388.0,20364.6875
395,20338.0,20370.107421875,20372.0,20364.712890625
396,20354.0,20370.1484375,20380.0,20364.734375
397,20386.0,20370.205078125,20348.0,20364.7734375
398,20354.0,20370.255859375,20356.0,20364.80859375
399,20362.0,20370.3203125,20372.0,20364.859375
400,20354.0,20370.384765625,20372.0,20364.91015625
401,20338.0,20370.4296875,20372.0,20364.939453125
402,20362.0,20370.478515625,20348.0,20364.97265625
403,20362.0,20370.521484375,20364.0,20365.001953125
404,20362.0,20370.56640625,20364.0,20365.03125
405,20346.0,20370.611328125,20380.0,20365.064453125
406,20346.0,20370.65625,20388.0,20365.095703125
407,20370.0,20370.7109375,20372.0,20365.13671875
408,20346.0,20370.76171875,20372.0,20365.177734375
409,20346.0,20370.81640625,20372.0,20365.22265625
410,20370.0,20370.869140625,20372.0,20365.263671875
411,20362.0,20370.931640625,20364.0,20365.314453125
412,20354.0,20370.9921875,20356.0,20365.365234375
413,20354.0,20371.056640625,20372.0,20365.421875
414,20354.0,20371.12109375,20364.0,20365.474609375
415,20346.0,20371.1875,20356.0,20365.53125
416,20362.0,20371.25390625,20380.0,20365.578125
417,20370.0,20371.306640625,20380.0,20365.61328125
418,20386.0,20371.36328125,20372.0,20365.654296875
419,20370.0,20371.41015625,20380.0,20365.681640625
420,20370.0,20371.4609375,20372.0,20365.71484375
421,20370.0,20371.51171875,20356.0,20365.75
422,20354.0,20371.5625,20372.0,20365.7890625
423,20362.0,20371.61328125,20372.0,20365.822265625
424,20338.0,20371.662109375,20380.0,20365.859375
425,20338.0,20371.712890625,20348.0,20365.89453125
426,20346.0,20371.763671875,20348.0,20365.9375
427,20378.0,20371.81640625,20348.0,20365.98046875
428,20354.0,20371.8671875,20348.0,20366.0234375
429,20346.0,20371.91796875,20364.0,20366.068359375
430,20362.0,20371.966796875,20372.0,20366.109375
431,20354.0,20372.01953125,20356.0,20366.15625
432,20370.0,20372.068359375,20356.0,20366.1875
433,20354.0,20372.1171875,20364.0,20366.22265625
434,20362.0,20372.16796875,20340.0,20366.265625
435,20362.0,20372.224609375,20372.0,20366.310546875
436,20378.0,20372.28125,20372.0,20366.36328125
437,20346.0,20372.337890625,20372.0,20366.416015625
438,20362.0,20372.396484375,20364.0,20366.474609375
439,20346.0,20372.45703125,20356.0,20366.537109375
440,20378.0,20372.513671875,20348.0,20366.59375
441,20346.0,20372.5703125,20364.0,20366.650390625
442,20362.0,20372.62890625,20380.0,20366.71484375
443,20362.0,20372.6875,20340.0,20366.77734375
444,20346.0,20372.74609375,20356.0,20366.84375
445,20362.0,20372.802734375,20364.0,20366.91015625
446,20378.0,20372.859375,20356.0,20366.9765625
447,20346.0,20372.91015625,20356.0,20367.041015625
448,20354.0,20372.9609375,20388.0,20367.09765625
449,20354.0,20373.013671875,20380.0,20367.154296875
450,20346.0,20373.06640625,20364.0,20367.216796875
451,20362.0,20373.1171875,20372.0,20367.2734375
452,20346.0,20373.166015625,20364.0,20367.33203125
453,20362.0,20373.2109375,20372.0,20367.38671875
454,20370.0,20373.2578125,20380.0,20367.4453125
455,20338.0,20373.29296875,20380.0,20367.49609375
456,20362.0,20373.330078125,20364.0,20367.546875
457,20362.0,20373.37109375,20356.0,20367.6015625
458,20362.0,20373.412109375,20364.0,20367.65625
459,20346.0,20373.44921875,20356.0,20367.708984375
460,20370.0,20373.484375,20364.0,20367.76171875
461,20362.0,20373.513671875,20388.0,20367.80859375
462,20378.0,20373.5390625,20364.0,20367.8515625
463,20362.0,20373.556640625,20380.0,20367.888671875
464,20354.0,20373.572265625,20364.0,20367.921875
465,20362.0,20373.59375,20364.0,20367.95703125
466,20378.0,20373.61328125,20372.0,20367.9921875
467,20346.0,20373.6328125,20356.0,20368.0234375
468,20362.0,20373.654296875,20348.0,20368.05859375
469,20362.0,20373.673828125,20364.0,20368.09375
470,20362.0,20373.69140625,20356.0,20368.125
471,20370.0,20373.70703125,20348.0,20368.15625
472,20370.0,20373.71875,20364.0,20368.18359375
473,20378.0,20373.7265625,20388.0,20368.20703125
474,20362.0,20373.740234375,20372.0,20368.236328125
475,20346.0,20373.75,20348.0,20368.26171875
476,20370.0,20373.7578125,20388.0,20368.287109375
477,20354.0,20373.765625,20388.0,20368.30859375
478,20346.0,20373.779296875,20364.0,20368.341796875
479,20362.0,20373.794921875,20364.0,20368.376953125
480,20362.0,20373.818359375,20372.0,20368.423828125
481,20338.0,20373.84375,20380.0,20368.470703125
482,20354.0,20373.865234375,20372.0,20368.51171875
483,20378.0,20373.89453125,20372.0,20368.560546875
484,20354.0,20373.919921875,20388.0,20368.6015625
485,20362.0,20373.947265625,20364.0,20368.6484375
486,20362.0,20373.96484375,20364.0,20368.6796875
487,20362.0,20373.9921875,20380.0,20368.72265625
488,20362.0,20374.01171875,20388.0,20368.7578125
489,20386.0,20374.02734375,20380.0,20368.7890625
490,20362.0,20374.03515625,20364.0,20368.80859375
491,20362.0,20374.046875,20380.0,20368.833984375
492,20354.0,20374.052734375,20380.0,20368.8515625
493,20378.0,20374.0625,20388.0,20368.87109375
494,20354.0,20374.07421875,20380.0,20368.896484375
495,20378.0,20374.083984375,20380.0,20368.91796875
496,20354.0,20374.11328125,20396.0,20368.96875
497,20362.0,20374.140625,20380.0,20369.013671875
498,20362.0,20374.150390625,20380.0,20369.04296875
499,20362.0,20374.1640625,20372.0,20369.0703125
500,20370.0,20374.158203125,20380.0,20369.078125
501,20370.0,20374.15625,20380.0,20369.0859375
502,20362.0,20374.140625,20380.0,20369.080078125
503,20338.0,20374.125,20404.0,20369.0703125
504,20362.0,20374.119140625,20372.0,20369.072265625
505,20370.0,20374.1171875,20380.0,20369.080078125
506,20370.0,20374.08984375,20388.0,20369.05859375
507,20370.0,20374.06640625,20380.0,20369.037109375
508,20378.0,20374.033203125,20380.0,20369.00390625
509,20370.0,20374.0,20372.0,20368.96875
510,20354.0,20373.951171875,20364.0,20368.91796875
511,20362.0,20373.8984375,20380.0,20368.86328125
512,20362.0,20373.8515625,20396.0,20368.814453125
513,20346.0,20373.8046875,20396.0,20368.771484375
514,20346.0,20373.74609375,20372.0,20368.712890625
515,20346.0,20373.6875,20372.0,20368.65234375
516,20378.0,20373.625,20380.0,20368.5859375
517,20370.0,20373.5625,20356.0,20368.51953125
518,20346.0,20373.5,20364.0,20368.44921875
519,20362.0,20373.43359375,20364.0,20368.37109375
520,20370.0,20373.3671875,20356.0,20368.296875
521,20354.0,20373.294921875,20364.0,20368.216796875
522,20370.0,20373.232421875,20364.0,20368.14453125
523,20354.0,20373.1640625,20364.0,20368.064453125
524,20370.0,20373.099609375,20364.0,20367.986328125
525,20354.0,20373.02734375,20380.0,20367.8984375
526,20346.0,20372.96875,20372.0,20367.82421875
527,20346.0,20372.908203125,20356.0,20367.744140625
528,20378.0,20372.84375,20380.0,20367.662109375
529,20354.0,20372.78515625,20388.0,20367.58984375
530,20338.0,20372.736328125,20348.0,20367.53125
531,20362.0,20372.6953125,20372.0,20367.4765625
532,20346.0,20372.654296875,20380.0,20367.42578125
533,20378.0,20372.609375,20356.0,20367.369140625
534,20346.0,20372.57421875,20372.0,20367.3203125
535,20362.0,20372.537109375,20372.0,20367.271484375
536,20354.0,20372.5,20372.0,20367.21875
537,20338.0,20372.46484375,20388.0,20367.16796875
538,20354.0,20372.4296875,20348.0,20367.119140625
539,20370.0,20372.392578125,20380.0,20367.064453125
540,20354.0,20372.359375,20380.0,20367.01953125
541,20378.0,20372.330078125,20372.0,20366.97265625
542,20362.0,20372.28125,20380.0,20366.908203125
543,20354.0,20372.23046875,20364.0,20366.837890625
544,20378.0,20372.1484375,20380.0,20366.734375
545,20362.0,20372.0625,20348.0,20366.6328125
546,20362.0,20371.9921875,20364.0,20366.548828125
547,20338.0,20371.90625,20372.0,20366.44921875
548,20354.0,20371.83984375,20356.0,20366.37109375
549,20378.0,20371.763671875,20364.0,20366.279296875
550,20338.0,20371.708984375,20380.0,20366.212890625
551,20346.0,20371.640625,20372.0,20366.1328125
552,20362.0,20371.576171875,20396.0,20366.0546875
553,20378.0,20371.515625,20372.0,20365.982421875
554,20362.0,20371.474609375,20348.0,20365.931640625
555,20346.0,20371.431640625,20340.0,20365.875
556,20362.0,20371.39453125,20372.0,20365.830078125
557,20346.0,20371.359375,20372.0,20365.783203125
558,20338.0,20371.318359375,20380.0,20365.73046875
559,20370.0,20371.28515625,20380.0,20365.68359375
560,20362.0,20371.21484375,20372.0,20365.59765625
561,20346.0,20371.138671875,20372.0,20365.50390625
562,20378.0,20371.087890625,20404.0,20365.439453125
563,20362.0,20371.033203125,20388.0,20365.369140625
564,20362.0,20371.001953125,20356.0,20365.326171875
565,20362.0,20370.970703125,20356.0,20365.28125
566,20346.0,20370.955078125,20348.0,20365.25390625
567,20362.0,20370.951171875,20380.0,20365.240234375
568,20370.0,20370.9375,20356.0,20365.21875
569,20354.0,20370.91796875,20356.0,20365.1875
570,20362.0,20370.921875,20372.0,20365.181640625
571,20362.0,20370.9296875,20372.0,20365.181640625
572,20362.0,20370.9453125,20380.0,20365.189453125
573,20378.0,20370.974609375,20364.0,20365.21484375
574,20362.0,20371.0,20380.0,20365.234375
575,20362.0,20371.04296875,20364.0,20365.275390625
576,20362.0,20371.060546875,20380.0,20365.28515625
577,20346.0,20371.0546875,20364.0,20365.26953125
578,20362.0,20371.064453125,20372.0,20365.2734375
579,20378.0,20371.0703125,20356.0,20365.271484375
580,20362.0,20371.08984375,20380.0,20365.2890625
581,20354.0,20371.11328125,20364.0,20365.30859375
582,20378.0,20371.146484375,20380.0,20365.337890625
583,20378.0,20371.197265625,20380.0,20365.388671875
584,20378.0,20371.244140625,20356.0,20365.4375
585,20354.0,20371.2890625,20348.0,20365.484375
586,20362.0,20371.341796875,20372.0,20365.537109375
587,20370.0,20371.41015625,20372.0,20365.609375
588,20338.0,20371.474609375,20372.0,20365.6796875
589,20354.0,20371.560546875,20372.0,20365.7734375
590,20370.0,20371.63671875,20356.0,20365.857421875
591,20330.0,20371.73046875,20380.0,20365.9609375
592,20378.0,20371.814453125,20380.0,20366.0546875
593,20370.0,20371.865234375,20380.0,20366.109375
594,20386.0,20371.921875,20388.0,20366.16796875
595,20338.0,20371.96484375,20372.0,20366.212890625
596,20370.0,20372.01171875,20372.0,20366.263671875
597,20362.0,20372.06640625,20356.0,20366.322265625
598,20354.0,20372.119140625,20380.0,20366.37890625
599,20370.0,20372.1796875,20372.0,20366.447265625
600,20378.0,20372.23828125,20372.0,20366.51171875
601,20378.0,20372.296875,20372.0,20366.57421875
602,20362.0,20372.353515625,20380.0,20366.638671875
603,20362.0,20372.423828125,20388.0,20366.71875
604,20378.0,20372.486328125,20364.0,20366.79296875
605,20378.0,20372.55859375,20388.0,20366.87890625
606,20378.0,20372.63671875,20380.0,20366.96875
607,20330.0,20372.73046875,20364.0,20367.078125
608,20362.0,20372.83984375,20388.0,20367.20703125
609,20354.0,20372.931640625,20388.0,20367.3125
610,20362.0,20373.013671875,20364.0,20367.408203125
611,20370.0,20373.099609375,20372.0,20367.5078125
612,20378.0,20373.171875,20348.0,20367.59375
613,20362.0,20373.2578125,20396.0,20367.6953125
614,20362.0,20373.326171875,20372.0,20367.77734375
615,20378.0,20373.404296875,20372.0,20367.875
616,20346.0,20373.486328125,20364.0,20367.97265625
617,20362.0,20373.55859375,20388.0,20368.05859375
618,20410.0,20373.61328125,20372.0,20368.125
619,20346.0,20373.671875,20364.0,20368.19921875
620,20354.0,20373.720703125,20372.0,20368.259765625
621,20362.0,20373.767578125,20396.0,20368.3203125
622,20362.0,20373.80859375,20388.0,20368.376953125
623,20362.0,20373.8515625,20364.0,20368.4375
624,20362.0,20373.916015625,20396.0,20368.51953125
625,20354.0,20373.98828125,20364.0,20368.615234375
626,20338.0,20374.0390625,20356.0,20368.68359375
627,20362.0,20374.09765625,20356.0,20368.76171875
628,20346.0,20374.140625,20380.0,20368.82421875
629,20354.0,20374.185546875,20388.0,20368.88671875
630,20362.0,20374.212890625,20356.0,20368.927734375
631,20362.0,20374.228515625,20380.0,20368.958984375
632,20362.0,20374.236328125,20372.0,20368.982421875
633,20378.0,20374.25,20388.0,20369.015625
634,20346.0,20374.263671875,20356.0,20369.041015625
635,20346.0,20374.2578125,20380.0,20369.048828125
636,20346.0,20374.25390625,20380.0,20369.0546875
637,20346.0,20374.21875,20396.0,20369.02734375
638,20346.0,20374.21484375,20372.0,20369.03125
639,20346.0,20374.17578125,20372.0,20368.9921875
640,20362.0,20374.177734375,20364.0,20368.998046875
641,20354.0,20374.216796875,20364.0,20369.044921875
642,20362.0,20374.234375,20348.0,20369.0703125
643,20346.0,20374.25,20340.0,20369.0859375
644,20370.0,20374.240234375,20356.0,20369.076171875
645,20354.0,20374.21875,20364.0,20369.05078125
646,20378.0,20374.171875,20356.0,20369.0
647,20370.0,20374.0859375,20380.0,20368.900390625
648,20370.0,20373.994140625,20380.0,20368.794921875
649,20346.0,20373.916015625,20364.0,20368.70703125
650,20362.0,20373.8125,20396.0,20368.59375
651,20346.0,20373.6796875,20380.0,20368.4453125
652,20378.0,20373.544921875,20356.0,20368.296875
653,20354.0,20373.37109375,20380.0,20368.1015625
654,20370.0,20373.212890625,20364.0,20367.92578125
655,20362.0,20373.01171875,20356.0,20367.701171875
656,20370.0,20372.859375,20348.0,20367.53125
657,20386.0,20372.7578125,20380.0,20367.41796875
658,20370.0,20372.61328125,20364.0,20367.26171875
659,20370.0,20372.48828125,20364.0,20367.126953125
660,20378.0,20372.3203125,20364.0,20366.9453125
661,20354.0,20372.140625,20372.0,20366.751953125
662,20346.0,20371.94140625,20380.0,20366.5390625
663,20354.0,20371.71875,20372.0,20366.30078125
664,20370.0,20371.5234375,20364.0,20366.09375
665,20370.0,20371.33203125,20372.0,20365.890625
666,20378.0,20371.09375,20356.0,20365.634765625
667,20346.0,20370.841796875,20372.0,20365.36328125
668,20370.0,20370.57421875,20380.0,20365.076171875
669,20346.0,20370.29296875,20364.0,20364.77734375
670,20354.0,20369.986328125,20348.0,20364.443359375
671,20370.0,20369.66015625,20348.0,20364.091796875
672,20362.0,20369.33984375,20356.0,20363.73828125
673,20362.0,20369.0390625,20364.0,20363.40625
674,20338.0,20368.71875,20348.0,20363.0546875
675,20362.0,20368.400390625,20372.0,20362.705078125
676,20378.0,20368.080078125,20356.0,20362.35546875
677,20354.0,20367.76171875,20372.0,20362.01171875
678,20354.0,20367.44921875,20364.0,20361.67578125
679,20362.0,20367.130859375,20348.0,20361.3359375
680,20362.0,20366.814453125,20364.0,20361.001953125
681,20362.0,20366.4765625,20356.0,20360.642578125
682,20370.0,20366.162109375,20364.0,20360.3125
683,20346.0,20365.837890625,20364.0,20359.974609375
684,20346.0,20365.5234375,20380.0,20359.6484375
685,20370.0,20365.2109375,20348.0,20359.326171875
686,20346.0,20364.9140625,20364.0,20359.01953125
687,20362.0,20364.63671875,20372.0,20358.73828125
688,20338.0,20364.3359375,20356.0,20358.421875
689,20346.0,20364.041015625,20348.0,20358.103515625
690,20346.0,20363.77734375,20364.0,20357.828125
691,20346.0,20363.5390625,20348.0,20357.580078125
692,20362.0,20363.322265625,20356.0,20357.36328125
693,20370.0,20363.10546875,20348.0,20357.146484375
694,20338.0,20362.8984375,20348.0,20356.943359375
695,20346.0,20362.72265625,20356.0,20356.779296875
696,20354.0,20362.5078125,20364.0,20356.56640625
697,20330.0,20362.287109375,20356.0,20356.3515625
698,20354.0,20362.10546875,20340.0,20356.185546875
699,20354.0,20361.92578125,20340.0,20356.025390625
700,20346.0,20361.765625,20340.0,20355.892578125
701,20362.0,20361.6171875,20324.0,20355.7734375
702,20346.0,20361.490234375,20340.0,20355.685546875
703,20330.0,20361.35546875,20364.0,20355.591796875
704,20338.0,20361.22265625,20364.0,20355.498046875
705,20346.0,20361.064453125,20356.0,20355.37109375
706,20330.0,20360.92578125,20356.0,20355.265625
707,20362.0,20360.75,20348.0,20355.12109375
708,20330.0,20360.568359375,20332.0,20354.97265625
709,20330.0,20360.384765625,20340.0,20354.8203125
710,20362.0,20360.205078125,20348.0,20354.673828125
711,20370.0,20360.0,20364.0,20354.50390625
712,20322.0,20359.814453125,20348.0,20354.35546875
713,20346.0,20359.640625,20372.0,20354.21875
714,20346.0,20359.427734375,20340.0,20354.03515625
715,20354.0,20359.21875,20356.0,20353.86328125
716,20354.0,20358.998046875,20372.0,20353.671875
717,20338.0,20358.77734375,20356.0,20353.48828125
718,20330.0,20358.5078125,20348.0,20353.23828125
719,20354.0,20358.25,20348.0,20353.009765625
720,20330.0,20357.97265625,20314.0,20352.75390625
721,20330.0,20357.703125,20356.0,20352.50390625
722,20346.0,20357.40625,20348.0,20352.21875
723,20346.0,20357.1328125,20340.0,20351.95703125
724,20338.0,20356.861328125,20356.0,20351.703125
725,20338.0,20356.591796875,20356.0,20351.44921875
726,20338.0,20356.326171875,20348.0,20351.203125
727,20338.0,20356.078125,20356.0,20350.978515625
728,20346.0,20355.83984375,20356.0,20350.767578125
729,20362.0,20355.59375,20356.0,20350.546875
730,20322.0,20355.365234375,20348.0,20350.34765625
731,20338.0,20355.142578125,20340.0,20350.16015625
732,20330.0,20354.9140625,20356.0,20349.9609375
733,20338.0,20354.69140625,20348.0,20349.775390625
734,20354.0,20354.494140625,20340.0,20349.619140625
735,20338.0,20354.29296875,20356.0,20349.462890625
736,20346.0,20354.09765625,20356.0,20349.314453125
737,20346.0,20353.87890625,20364.0,20349.140625
738,20346.0,20353.68359375,20364.0,20348.990234375
739,20338.0,20353.466796875,20348.0,20348.81640625
740,20346.0,20353.2578125,20348.0,20348.650390625
741,20330.0,20353.05078125,20364.0,20348.486328125
742,20330.0,20352.84375,20364.0,20348.3203125
743,20346.0,20352.6328125,20324.0,20348.150390625
744,20322.0,20352.40625,20356.0,20347.96484375
745,20338.0,20352.18359375,20364.0,20347.78125
746,20362.0,20351.9609375,20348.0,20347.59375
747,20338.0,20351.73828125,20340.0,20347.41015625
748,20330.0,20351.5234375,20340.0,20347.236328125
749,20338.0,20351.310546875,20380.0,20347.060546875
750,20314.0,20351.0859375,20348.0,20346.87109375
751,20314.0,20350.873046875,20348.0,20346.693359375
752,20346.0,20350.64453125,20340.0,20346.5
753,20338.0,20350.419921875,20364.0,20346.3125
754,20338.0,20350.197265625,20348.0,20346.125
755,20338.0,20349.98828125,20356.0,20345.953125
756,20346.0,20349.78515625,20340.0,20345.78125
757,20346.0,20349.58203125,20332.0,20345.615234375
758,20346.0,20349.388671875,20364.0,20345.45703125
759,20338.0,20349.20703125,20356.0,20345.3046875
760,20330.0,20349.02734375,20364.0,20345.158203125
761,20338.0,20348.837890625,20332.0,20345.00390625
762,20322.0,20348.65625,20348.0,20344.85546875
763,20346.0,20348.47265625,20348.0,20344.703125
764,20330.0,20348.2890625,20348.0,20344.55078125
765,20362.0,20348.111328125,20348.0,20344.3984375
766,20346.0,20347.9296875,20340.0,20344.248046875
767,20330.0,20347.74609375,20298.0,20344.08984375
768,20346.0,20347.55078125,20348.0,20343.923828125
769,20346.0,20347.3515625,20324.0,20343.7578125
770,20338.0,20347.158203125,20372.0,20343.599609375
771,20338.0,20346.953125,20348.0,20343.431640625
772,20346.0,20346.763671875,20340.0,20343.2734375
773,20338.0,20346.548828125,20324.0,20343.08984375
774,20346.0,20346.341796875,20356.0,20342.9140625
775,20354.0,20346.125,20340.0,20342.72265625
776,20338.0,20345.904296875,20340.0,20342.52734375
777,20338.0,20345.71875,20340.0,20342.3671875
778,20330.0,20345.53515625,20332.0,20342.20703125
779,20346.0,20345.361328125,20332.0,20342.05078125
780,20330.0,20345.1875,20298.0,20341.896484375
781,20314.0,20345.015625,20364.0,20341.736328125
782,20338.0,20344.84765625,20340.0,20341.58203125
783,20346.0,20344.65625,20340.0,20341.3984375
784,20330.0,20344.466796875,20364.0,20341.22265625
785,20354.0,20344.24609375,20332.0,20341.025390625
786,20330.0,20344.037109375,20348.0,20340.8359375
787,20322.0,20343.779296875,20348.0,20340.59765625
788,20338.0,20343.521484375,20332.0,20340.359375
789,20330.0,20343.26953125,20332.0,20340.126953125
790,20346.0,20343.02734375,20348.0,20339.8984375
791,20346.0,20342.76953125,20372.0,20339.6484375
792,20330.0,20342.53125,20356.0,20339.419921875
793,20322.0,20342.28125,20348.0,20339.1796875
794,20282.0,20342.015625,20340.0,20338.91796875
795,20330.0,20341.765625,20340.0,20338.66796875
796,20346.0,20341.51171875,20356.0,20338.4140625
797,20338.0,20341.271484375,20356.0,20338.166015625
798,20338.0,20340.984375,20324.0,20337.876953125
799,20330.0,20340.76953125,20332.0,20337.65234375
800,20330.0,20340.50390625,20306.0,20337.3828125
801,20338.0,20340.224609375,20340.0,20337.1171875
802,20346.0,20339.951171875,20324.0,20336.845703125
803,20322.0,20339.73828125,20348.0,20336.640625
804,20330.0,20339.5546875,20324.0,20336.4609375
805,20330.0,20339.4296875,20340.0,20336.333984375
806,20306.0,20339.296875,20348.0,20336.193359375
807,20338.0,20339.25,20356.0,20336.13671875
808,20330.0,20339.146484375,20340.0,20336.0234375
809,20314.0,20338.955078125,20340.0,20335.826171875
810,20330.0,20338.86328125,20324.0,20335.72265625
811,20322.0,20338.76953125,20324.0,20335.609375
812,20330.0,20338.69140625,20340.0,20335.51171875
813,20314.0,20338.63671875,20340.0,20335.435546875
814,20314.0,20338.703125,20348.0,20335.4765625
815,20314.0,20338.791015625,20332.0,20335.53515625
816,20330.0,20338.96875,20324.0,20335.6875
817,20330.0,20339.13671875,20332.0,20335.8359375
818,20330.0,20339.306640625,20306.0,20335.98046875
819,20338.0,20339.51953125,20348.0,20336.1640625
820,20354.0,20339.658203125,20348.0,20336.26953125
821,20314.0,20339.76171875,20340.0,20336.3359375
822,20330.0,20339.828125,20340.0,20336.361328125
823,20330.0,20339.890625,20356.0,20336.37890625
824,20330.0,20339.994140625,20356.0,20336.44140625
825,20314.0,20340.21484375,20348.0,20336.62109375
826,20322.0,20340.255859375,20340.0,20336.6171875
827,20322.0,20340.32421875,20348.0,20336.642578125
828,20330.0,20340.35546875,20340.0,20336.625
829,20322.0,20340.36328125,20348.0,20336.58984375
830,20338.0,20340.212890625,20340.0,20336.396484375
831,20338.0,20339.94140625,20340.0,20336.083984375
832,20314.0,20339.640625,20324.0,20335.74609375
833,20330.0,20339.34765625,20340.0,20335.4140625
834,20338.0,20338.986328125,20324.0,20335.013671875
835,20330.0,20338.44140625,20356.0,20334.4296875
836,20322.0,20337.9375,20324.0,20333.884765625
837,20330.0,20337.40234375,20332.0,20333.31640625
838,20314.0,20336.90625,20348.0,20332.78125
839,20330.0,20336.220703125,20332.0,20332.06640625
840,20330.0,20335.564453125,20356.0,20331.37890625
841,20322.0,20334.890625,20332.0,20330.6640625
842,20322.0,20334.328125,20332.0,20330.0625
843,20314.0,20333.689453125,20324.0,20329.388671875
844,20314.0,20333.06640625,20324.0,20328.73046875
845,20330.0,20332.3515625,20340.0,20327.98828125
846,20322.0,20331.78515625,20332.0,20327.3984375
847,20298.0,20331.267578125,20324.0,20326.8671875
848,20314.0,20330.783203125,20324.0,20326.375
849,20338.0,20330.419921875,20332.0,20325.99609375
850,20314.0,20330.091796875,20306.0,20325.6484375
851,20322.0,20330.0078125,20348.0,20325.5546875
852,20338.0,20329.88671875,20340.0,20325.416015625
853,20346.0,20329.806640625,20332.0,20325.326171875
854,20330.0,20329.68359375,20340.0,20325.1875
855,20338.0,20329.75390625,20340.0,20325.2578125
856,20322.0,20329.76171875,20340.0,20325.263671875
857,20322.0,20329.701171875,20314.0,20325.203125
858,20338.0,20329.60546875,20324.0,20325.099609375
859,20314.0,20329.533203125,20324.0,20325.02734375
860,20354.0,20329.4765625,20290.0,20324.96875
861,20322.0,20329.494140625,20332.0,20324.990234375
862,20322.0,20329.447265625,20324.0,20324.9375
863,20338.0,20329.373046875,20332.0,20324.86328125
864,20338.0,20329.2890625,20340.0,20324.7734375
865,20330.0,20329.1328125,20306.0,20324.6015625
866,20314.0,20328.96875,20340.0,20324.42578125
867,20330.0,20328.658203125,20324.0,20324.091796875
868,20322.0,20328.36328125,20324.0,20323.775390625
869,20314.0,20328.033203125,20340.0,20323.419921875
870,20338.0,20327.724609375,20356.0,20323.091796875
871,20338.0,20327.2890625,20332.0,20322.626953125
872,20354.0,20326.88671875,20340.0,20322.197265625
873,20330.0,20326.55078125,20306.0,20321.84375
874,20306.0,20326.22265625,20340.0,20321.49609375
875,20322.0,20325.875,20324.0,20321.130859375
876,20298.0,20325.515625,20314.0,20320.75390625
877,20346.0,20325.095703125,20332.0,20320.314453125
878,20314.0,20324.71484375,20306.0,20319.912109375
879,20314.0,20324.306640625,20332.0,20319.478515625
880,20322.0,20323.923828125,20314.0,20319.0625
881,20306.0,20323.59765625,20314.0,20318.70703125
882,20330.0,20323.255859375,20314.0,20318.341796875
883,20298.0,20322.96484375,20332.0,20318.02734375
884,20314.0,20322.6484375,20306.0,20317.69921875
885,20314.0,20322.33984375,20298.0,20317.373046875
886,20314.0,20322.009765625,20332.0,20317.03515625
887,20306.0,20321.7109375,20314.0,20316.724609375
888,20322.0,20321.41796875,20332.0,20316.416015625
889,20314.0,20321.103515625,20324.0,20316.08203125
890,20298.0,20320.75390625,20306.0,20315.7265625
891,20314.0,20320.41015625,20298.0,20315.37109375
892,20314.0,20320.056640625,20324.0,20315.015625
893,20322.0,20319.73046875,20306.0,20314.681640625
894,20298.0,20319.365234375,20306.0,20314.318359375
895,20322.0,20319.017578125,20324.0,20313.97265625
896,20290.0,20318.66015625,20324.0,20313.611328125
897,20314.0,20318.27734375,20324.0,20313.23046875
898,20314.0,20317.88671875,20290.0,20312.84765625
899,20322.0,20317.494140625,20332.0,20312.462890625
900,20314.0,20317.103515625,20314.0,20312.0859375
901,20306.0,20316.71875,20314.0,20311.71484375
902,20306.0,20316.34375,20324.0,20311.35546875
903,20306.0,20315.990234375,20306.0,20311.01953125
904,20298.0,20315.650390625,20298.0,20310.689453125
905,20306.0,20315.3046875,20290.0,20310.3515625
906,20314.0,20314.9765625,20298.0,20310.03125
907,20314.0,20314.66796875,20298.0,20309.7265625
908,20322.0,20314.361328125,20314.0,20309.423828125
909,20290.0,20314.083984375,20314.0,20309.1484375
910,20282.0,20313.8046875,20314.0,20308.87109375
911,20282.0,20313.55078125,20298.0,20308.623046875
912,20298.0,20313.263671875,20290.0,20308.34765625
913,20298.0,20312.9296875,20306.0,20308.03125
914,20330.0,20312.63671875,20306.0,20307.75
915,20314.0,20312.326171875,20314.0,20307.45703125
916,20314.0,20312.05078125,20332.0,20307.1875
917,20322.0,20311.783203125,20314.0,20306.923828125
918,20314.0,20311.53515625,20324.0,20306.677734375
919,20314.0,20311.31640625,20306.0,20306.455078125
920,20298.0,20311.0703125,20314.0,20306.21875
921,20322.0,20310.82421875,20314.0,20305.984375
922,20322.0,20310.62109375,20306.0,20305.7734375
923,20306.0,20310.44140625,20314.0,20305.5859375
924,20306.0,20310.28125,20282.0,20305.40625
925,20306.0,20310.1484375,20306.0,20305.25390625
926,20322.0,20310.021484375,20306.0,20305.091796875
927,20298.0,20309.931640625,20314.0,20304.95703125
928,20274.0,20309.80859375,20306.0,20304.78515625
929,20298.0,20309.63671875,20314.0,20304.580078125
930,20298.0,20309.505859375,20306.0,20304.40234375
931,20306.0,20309.359375,20306.0,20304.20703125
932,20330.0,20309.23828125,20324.0,20304.033203125
933,20306.0,20309.1328125,20314.0,20303.869140625
934,20298.0,20309.04296875,20306.0,20303.72265625
935,20290.0,20308.9765625,20306.0,20303.583984375
936,20298.0,20308.90625,20324.0,20303.4453125
937,20298.0,20308.81640625,20298.0,20303.30078125
938,20290.0,20308.73828125,20290.0,20303.16796875
939,20282.0,20308.67578125,20298.0,20303.046875
940,20322.0,20308.61328125,20306.0,20302.9296875
941,20314.0,20308.5703125,20306.0,20302.8203125
942,20306.0,20308.50390625,20298.0,20302.701171875
943,20298.0,20308.474609375,20290.0,20302.60546875
944,20314.0,20308.419921875,20306.0,20302.482421875
945,20322.0,20308.359375,20298.0,20302.35546875
946,20306.0,20308.29296875,20298.0,20302.236328125
947,20306.0,20308.244140625,20298.0,20302.12890625
948,20314.0,20308.203125,20314.0,20302.0390625
949,20306.0,20308.166015625,20314.0,20301.94921875
950,20282.0,20308.130859375,20274.0,20301.865234375
951,20314.0,20308.10546875,20290.0,20301.794921875
952,20298.0,20308.083984375,20290.0,20301.72265625
953,20290.0,20308.0703125,20306.0,20301.65234375
954,20314.0,20308.05859375,20306.0,20301.591796875
955,20282.0,20308.046875,20324.0,20301.533203125
956,20314.0,20308.029296875,20290.0,20301.474609375
957,20306.0,20307.998046875,20298.0,20301.41015625
958,20314.0,20307.982421875,20314.0,20301.35546875
959,20314.0,20307.93359375,20298.0,20301.28125
960,20290.0,20307.90234375,20306.0,20301.2109375
961,20298.0,20307.888671875,20298.0,20301.1484375
962,20298.0,20307.865234375,20290.0,20301.083984375
963,20298.0,20307.810546875,20306.0,20301.0
964,20330.0,20307.74609375,20298.0,20300.9140625
965,20314.0,20307.662109375,20274.0,20300.814453125
966,20322.0,20307.57421875,20306.0,20300.71875
967,20314.0,20307.427734375,20306.0,20300.5859375
968,20298.0,20307.298828125,20298.0,20300.4609375
969,20298.0,20307.201171875,20298.0,20300.361328125
970,20330.0,20307.076171875,20306.0,20300.244140625
971,20306.0,20306.927734375,20306.0,20300.11328125
972,20322.0,20306.775390625,20298.0,20299.98046875
973,20298.0,20306.5859375,20324.0,20299.830078125
974,20314.0,20306.3828125,20306.0,20299.666015625
975,20306.0,20306.14453125,20324.0,20299.48046875
976,20322.0,20305.90625,20324.0,20299.29296875
977,20306.0,20305.712890625,20274.0,20299.1328125
978,20306.0,20305.501953125,20282.0,20298.95703125
979,20322.0,20305.30078125,20290.0,20298.7890625
980,20282.0,20305.099609375,20306.0,20298.6171875
981,20314.0,20304.88671875,20306.0,20298.435546875
982,20314.0,20304.6796875,20306.0,20298.259765625
983,20306.0,20304.45703125,20298.0,20298.076171875
984,20314.0,20304.2421875,20306.0,20297.91015625
985,20298.0,20304.0234375,20282.0,20297.7421875
986,20322.0,20303.81640625,20290.0,20297.57421875
987,20330.0,20303.59375,20290.0,20297.40234375
988,20322.0,20303.375,20314.0,20297.23046875
989,20290.0,20303.162109375,20298.0,20297.072265625
990,20306.0,20302.953125,20290.0,20296.8984375
991,20282.0,20302.74609375,20274.0,20296.728515625
992,20322.0,20302.521484375,20314.0,20296.53125
993,20314.0,20302.29296875,20324.0,20296.3125
994,20298.0,20302.08984375,20298.0,20296.1171875
995,20282.0,20301.896484375,20324.0,20295.919921875
996,20298.0,20301.69921875,20282.0,20295.72265625
997,20306.0,20301.48828125,20282.0,20295.51171875
998,20298.0,20301.33203125,20306.0,20295.365234375
999,20314.0,20301.1875,20314.0,20295.2265625
1000,20282.0,20301.119140625,20306.0,20295.1796875
1001,20282.0,20301.064453125,20306.0,20295.154296875
1002,20290.0,20300.9609375,20282.0,20295.0859375
1003,20314.0,20300.90234375,20306.0,20295.068359375
1004,20282.0,20300.79296875,20306.0,20294.994140625
1005,20306.0,20300.70703125,20282.0,20294.94921875
1006,20298.0,20300.537109375,20298.0,20294.81640625
1007,20306.0,20300.38671875,20298.0,20294.708984375
1008,20282.0,20300.20703125,20306.0,20294.56640625
1009,20290.0,20300.017578125,20314.0,20294.408203125
1010,20306.0,20299.767578125,20290.0,20294.189453125
1011,20314.0,20299.49609375,20290.0,20293.9453125
1012,20306.0,20299.234375,20314.0,20293.7109375
1013,20314.0,20298.96484375,20298.0,20293.47265625
1014,20282.0,20298.6875,20290.0,20293.224609375
1015,20298.0,20298.373046875,20298.0,20292.943359375
1016,20314.0,20298.095703125,20282.0,20292.701171875
1017,20306.0,20297.841796875,20314.0,20292.48046875
1018,20314.0,20297.580078125,20306.0,20292.25
1019,20298.0,20297.310546875,20282.0,20292.013671875
1020,20290.0,20297.0078125,20282.0,20291.7421875
1021,20282.0,20296.67578125,20298.0,20291.443359375
1022,20306.0,20296.392578125,20306.0,20291.18359375
1023,20306.0,20296.064453125,20306.0,20290.88671875
1024,20306.0,20295.806640625,20324.0,20290.654296875
1025,20282.0,20295.58203125,20282.0,20290.453125
1026,20290.0,20295.328125,20290.0,20290.22265625
1027,20298.0,20295.076171875,20290.0,20289.994140625
1028,20274.0,20294.783203125,20306.0,20289.73046875
1029,20282.0,20294.478515625,20290.0,20289.45703125
1030,20298.0,20294.146484375,20290.0,20289.15625
1031,20298.0,20293.78125,20306.0,20288.826171875
1032,20298.0,20293.431640625,20290.0,20288.50390625
1033,20282.0,20293.099609375,20298.0,20288.197265625
1034,20298.0,20292.708984375,20274.0,20287.84375
1035,20314.0,20292.30078125,20306.0,20287.470703125
1036,20274.0,20291.890625,20290.0,20287.09375
1037,20306.0,20291.4609375,20290.0,20286.69921875
1038,20298.0,20290.990234375,20298.0,20286.279296875
1039,20298.0,20290.5,20298.0,20285.8359375
1040,20298.0,20290.0,20274.0,20285.392578125
1041,20298.0,20289.53125,20298.0,20284.984375
1042,20306.0,20289.04296875,20274.0,20284.55859375
1043,20256.0,20288.5625,20282.0,20284.142578125
1044,20282.0,20288.0859375,20282.0,20283.724609375
1045,20282.0,20287.59765625,20290.0,20283.2890625
1046,20290.0,20287.125,20306.0,20282.8671875
1047,20274.0,20286.646484375,20282.0,20282.4375
1048,20298.0,20286.173828125,20290.0,20282.017578125
1049,20282.0,20285.705078125,20290.0,20281.60546875
1050,20290.0,20285.2734375,20266.0,20281.216796875
1051,20282.0,20284.841796875,20258.0,20280.82421875
1052,20306.0,20284.423828125,20274.0,20280.44140625
1053,20298.0,20284.009765625,20282.0,20280.0625
1054,20306.0,20283.623046875,20298.0,20279.69140625
1055,20298.0,20283.240234375,20274.0,20279.314453125
1056,20264.0,20282.830078125,20282.0,20278.90625
1057,20282.0,20282.392578125,20282.0,20278.4765625
1058,20256.0,20282.013671875,20306.0,20278.09765625
1059,20274.0,20281.615234375,20290.0,20277.69140625
1060,20282.0,20281.25,20290.0,20277.3203125
1061,20274.0,20280.90234375,20298.0,20276.96484375
1062,20256.0,20280.578125,20282.0,20276.63671875
1063,20264.0,20280.27734375,20282.0,20276.31640625
1064,20282.0,20279.94921875,20266.0,20275.98046875
1065,20264.0,20279.5859375,20290.0,20275.60546875
1066,20264.0,20279.2578125,20282.0,20275.27734375
1067,20282.0,20278.943359375,20282.0,20274.951171875
1068,20274.0,20278.65234375,20274.0,20274.65234375
1069,20240.0,20278.390625,20282.0,20274.373046875
1070,20274.0,20278.115234375,20274.0,20274.083984375
1071,20264.0,20277.908203125,20274.0,20273.86328125
1072,20282.0,20277.65234375,20274.0,20273.580078125
1073,20274.0,20277.37109375,20290.0,20273.28515625
1074,20274.0,20277.119140625,20290.0,20273.02734375
1075,20264.0,20276.9140625,20282.0,20272.830078125
1076,20282.0,20276.734375,20258.0,20272.6640625
1077,20306.0,20276.56640625,20282.0,20272.51171875
1078,20282.0,20276.41015625,20282.0,20272.375
1079,20274.0,20276.322265625,20258.0,20272.314453125
1080,20282.0,20276.2265625,20274.0,20272.2265625
1081,20274.0,20276.126953125,20258.0,20272.12890625
1082,20282.0,20276.044921875,20282.0,20272.07421875
1083,20264.0,20275.98828125,20274.0,20272.0390625
1084,20290.0,20275.9296875,20300.0,20272.01171875
1085,20290.0,20275.90234375,20276.0,20272.015625
1086,20264.0,20275.875,20292.0,20272.041015625
1087,20256.0,20275.8359375,20268.0,20272.05078125
1088,20274.0,20275.79296875,20292.0,20272.068359375
1089,20290.0,20275.70703125,20284.0,20272.03515625
1090,20256.0,20275.6328125,20276.0,20272.021484375
1091,20264.0,20275.484375,20284.0,20271.9296875
1092,20274.0,20275.345703125,20276.0,20271.837890625
1093,20264.0,20275.185546875,20276.0,20271.728515625
1094,20264.0,20275.0390625,20276.0,20271.625
1095,20282.0,20274.83203125,20276.0,20271.458984375
1096,20282.0,20274.65234375,20284.0,20271.328125
1097,20256.0,20274.513671875,20276.0,20271.25
1098,20264.0,20274.34765625,20268.0,20271.111328125
1099,20282.0,20274.18359375,20276.0,20270.98046875
1100,20282.0,20274.0078125,20284.0,20270.833984375
1101,20274.0,20273.810546875,20276.0,20270.6640625
1102,20256.0,20273.580078125,20260.0,20270.43359375
1103,20264.0,20273.345703125,20260.0,20270.203125
1104,20264.0,20273.08984375,20260.0,20269.94140625
1105,20274.0,20272.859375,20260.0,20269.7109375
1106,20282.0,20272.615234375,20276.0,20269.44921875
1107,20264.0,20272.384765625,20268.0,20269.201171875
1108,20256.0,20272.16796875,20268.0,20268.96875
1109,20248.0,20271.9609375,20268.0,20268.7578125
1110,20256.0,20271.76171875,20276.0,20268.552734375
1111,20264.0,20271.5703125,20244.0,20268.3515625
1112,20264.0,20271.375,20276.0,20268.154296875
1113,20274.0,20271.1484375,20268.0,20267.90625
1114,20282.0,20270.9609375,20268.0,20267.712890625
1115,20256.0,20270.76171875,20260.0,20267.5
1116,20274.0,20270.5703125,20236.0,20267.296875
1117,20264.0,20270.365234375,20260.0,20267.060546875
1118,20282.0,20270.19921875,20268.0,20266.890625
1119,20282.0,20270.05078125,20260.0,20266.744140625
1120,20264.0,20269.91015625,20260.0,20266.619140625
1121,20256.0,20269.794921875,20260.0,20266.552734375
1122,20256.0,20269.693359375,20268.0,20266.498046875
1123,20282.0,20269.62890625,20244.0,20266.513671875
1124,20256.0,20269.560546875,20284.0,20266.51171875
1125,20264.0,20269.521484375,20252.0,20266.5625
1126,20274.0,20269.46875,20260.0,20266.58203125
1127,20282.0,20269.43359375,20276.0,20266.62109375
1128,20274.0,20269.3828125,20276.0,20266.634765625
1129,20248.0,20269.28125,20260.0,20266.5546875
1130,20274.0,20269.181640625,20276.0,20266.478515625
1131,20256.0,20269.046875,20260.0,20266.318359375
1132,20264.0,20268.92578125,20268.0,20266.185546875
1133,20290.0,20268.80859375,20276.0,20266.041015625
1134,20274.0,20268.68359375,20260.0,20265.88671875
1135,20264.0,20268.556640625,20260.0,20265.71484375
1136,20264.0,20268.4296875,20252.0,20265.54296875
1137,20240.0,20268.322265625,20276.0,20265.4296875
1138,20240.0,20268.20703125,20260.0,20265.298828125
1139,20256.0,20268.1171875,20252.0,20265.21875
1140,20248.0,20268.021484375,20276.0,20265.123046875
1141,20264.0,20267.93359375,20268.0,20265.037109375
1142,20274.0,20267.84375,20276.0,20264.947265625
1143,20232.0,20267.7734375,20260.0,20264.884765625
1144,20248.0,20267.70703125,20260.0,20264.828125
1145,20256.0,20267.626953125,20268.0,20264.74609375
1146,20240.0,20267.546875,20268.0,20264.66796875
1147,20256.0,20267.46875,20276.0,20264.5859375
1148,20256.0,20267.388671875,20276.0,20264.501953125
1149,20274.0,20267.314453125,20244.0,20264.423828125
1150,20256.0,20267.240234375,20284.0,20264.3515625
1151,20264.0,20267.169921875,20268.0,20264.279296875
