# px1=347,531  px2=337,545  fps=60.0
frame,px1_raw,px1_denoised,px2_raw,px2_denoised
0,23340.0,23367.841796875,23350.0,23357.515625
1,23356.0,23367.912109375,23350.0,23357.5859375
2,23356.0,23367.98828125,23350.0,23357.662109375
3,23348.0,23368.0546875,23326.0,23357.7265625
4,23356.0,23368.125,23350.0,23357.796875
5,23356.0,23368.1953125,23360.0,23357.859375
6,23364.0,23368.26953125,23350.0,23357.927734375
7,23340.0,23368.341796875,23350.0,23357.9921875
8,23382.0,23368.4140625,23350.0,23358.0546875
9,23348.0,23368.484375,23350.0,23358.123046875
10,23364.0,23368.560546875,23350.0,23358.197265625
11,23348.0,23368.640625,23350.0,23358.279296875
12,23356.0,23368.7265625,23342.0,23358.3671875
13,23356.0,23368.8203125,23350.0,23358.46875
14,23356.0,23368.91015625,23384.0,23358.56640625
15,23356.0,23369.015625,23368.0,23358.6796875
16,23364.0,23369.111328125,23342.0,23358.78125
17,23372.0,23369.197265625,23360.0,23358.86328125
18,23364.0,23369.29296875,23360.0,23358.95703125
19,23372.0,23369.3984375,23342.0,23359.0546875
20,23382.0,23369.509765625,23360.0,23359.158203125
21,23348.0,23369.623046875,23342.0,23359.26953125
22,23356.0,23369.744140625,23368.0,23359.390625
23,23348.0,23369.88671875,23376.0,23359.54296875
24,23348.0,23370.03125,23360.0,23359.69921875
25,23364.0,23370.17578125,23334.0,23359.849609375
26,23356.0,23370.32421875,23350.0,23360.0
27,23356.0,23370.486328125,23376.0,23360.177734375
28,23356.0,23370.6484375,23350.0,23360.3515625
29,23348.0,23370.826171875,23368.0,23360.556640625
30,23382.0,23370.99609375,23368.0,23360.740234375
31,23372.0,23371.169921875,23368.0,23360.955078125
32,23372.0,23371.33203125,23360.0,23361.14453125
33,23356.0,23371.46484375,23350.0,23361.291015625
34,23340.0,23371.611328125,23350.0,23361.451171875
35,23356.0,23371.73046875,23360.0,23361.595703125
36,23340.0,23371.8671875,23342.0,23361.759765625
37,23348.0,23372.00390625,23360.0,23361.943359375
38,23356.0,23372.150390625,23350.0,23362.1328125
39,23364.0,23372.29296875,23368.0,23362.345703125
40,23356.0,23372.43359375,23360.0,23362.544921875
41,23382.0,23372.5703125,23350.0,23362.7265625
42,23348.0,23372.72265625,23350.0,23362.939453125
43,23340.0,23372.8828125,23350.0,23363.166015625
44,23364.0,23373.044921875,23350.0,23363.3984375
45,23348.0,23373.21484375,23360.0,23363.64453125
46,23364.0,23373.39453125,23342.0,23363.91796875
47,23372.0,23373.591796875,23368.0,23364.22265625
48,23356.0,23373.7890625,23350.0,23364.5390625
49,23364.0,23373.98046875,23350.0,23364.83203125
50,23382.0,23374.173828125,23350.0,23365.13671875
51,23372.0,23374.38671875,23350.0,23365.4609375
52,23372.0,23374.591796875,23368.0,23365.7734375
53,23372.0,23374.802734375,23368.0,23366.087890625
54,23364.0,23375.01171875,23368.0,23366.400390625
55,23364.0,23375.248046875,23350.0,23366.734375
56,23348.0,23375.49609375,23360.0,23367.08984375
57,23364.0,23375.74609375,23342.0,23367.4609375
58,23372.0,23375.97265625,23368.0,23367.7890625
59,23348.0,23376.21484375,23350.0,23368.13671875
60,23364.0,23376.44921875,23368.0,23368.474609375
61,23372.0,23376.712890625,23368.0,23368.82421875
62,23390.0,23376.935546875,23376.0,23369.11328125
63,23364.0,23377.16796875,23368.0,23369.388671875
64,23364.0,23377.37109375,23360.0,23369.62890625
65,23372.0,23377.544921875,23360.0,23369.85546875
66,23372.0,23377.72265625,23350.0,23370.078125
67,23356.0,23377.87109375,23384.0,23370.2421875
68,23364.0,23378.0390625,23350.0,23370.4375
69,23364.0,23378.185546875,23342.0,23370.619140625
70,23364.0,23378.36328125,23350.0,23370.826171875
71,23356.0,23378.5234375,23350.0,23370.984375
72,23382.0,23378.70703125,23350.0,23371.1484375
73,23382.0,23378.9296875,23360.0,23371.3046875
74,23356.0,23379.16015625,23368.0,23371.515625
75,23364.0,23379.419921875,23350.0,23371.69921875
76,23406.0,23379.6796875,23392.0,23371.896484375
77,23356.0,23379.92578125,23368.0,23372.12109375
78,23372.0,23380.15625,23384.0,23372.375
79,23364.0,23380.3984375,23360.0,23372.685546875
80,23364.0,23380.58203125,23368.0,23372.982421875
81,23372.0,23380.75390625,23368.0,23373.14453125
82,23372.0,23380.97265625,23376.0,23373.36328125
83,23382.0,23381.15625,23360.0,23373.5703125
84,23372.0,23381.330078125,23392.0,23373.83203125
85,23390.0,23381.609375,23368.0,23374.416015625
86,23372.0,23381.9921875,23368.0,23374.892578125
87,23390.0,23382.33203125,23368.0,23375.357421875
88,23372.0,23382.869140625,23360.0,23375.474609375
89,23356.0,23383.19140625,23392.0,23375.69140625
90,23364.0,23383.45703125,23392.0,23376.19921875
91,23372.0,23383.6640625,23392.0,23376.888671875
92,23348.0,23383.73046875,23384.0,23378.078125
93,23356.0,23383.810546875,23376.0,23377.11328125
94,23364.0,23383.7890625,23360.0,23376.662109375
95,23372.0,23383.921875,23360.0,23375.7109375
96,23382.0,23383.84765625,23384.0,23373.265625
97,23372.0,23383.9765625,23368.0,23375.07421875
98,23356.0,23384.25,23368.0,23378.4375
99,23364.0,23385.078125,23376.0,23385.61328125
100,23372.0,23385.4609375,23418.0,23395.65234375
101,23372.0,23385.18359375,23400.0,23397.1328125
102,23372.0,23386.33203125,23392.0,23389.55859375
103,23390.0,23386.251953125,23376.0,23380.8359375
104,23390.0,23386.373046875,23376.0,23377.673828125
105,23372.0,23390.5,23376.0,23377.81640625
106,23398.0,23397.07421875,23376.0,23376.25
107,23382.0,23399.66015625,23368.0,23376.55078125
108,23398.0,23394.7578125,23410.0,23378.6171875
109,23382.0,23391.6640625,23360.0,23379.486328125
110,23382.0,23390.603515625,23368.0,23380.703125
111,23364.0,23388.25,23360.0,23382.140625
112,23398.0,23389.57421875,23360.0,23382.2421875
113,23364.0,23391.26171875,23376.0,23382.23046875
114,23372.0,23392.064453125,23368.0,23382.748046875
115,23398.0,23393.15625,23360.0,23383.0078125
116,23372.0,23392.955078125,23376.0,23383.755859375
117,23390.0,23392.8046875,23360.0,23384.369140625
118,23372.0,23392.83203125,23368.0,23384.80078125
119,23382.0,23392.7734375,23368.0,23385.177734375
120,23372.0,23392.8125,23376.0,23385.26953125
121,23372.0,23392.771484375,23384.0,23385.583984375
122,23390.0,23392.71484375,23384.0,23385.8359375
123,23390.0,23392.56640625,23384.0,23386.1796875
124,23364.0,23392.62109375,23376.0,23386.58203125
125,23398.0,23392.587890625,23376.0,23386.9609375
126,23390.0,23392.55859375,23350.0,23387.30078125
127,23398.0,23392.57421875,23418.0,23387.6328125
128,23406.0,23392.4296875,23384.0,23388.00390625
129,23390.0,23392.42578125,23392.0,23388.3359375
130,23372.0,23392.51171875,23384.0,23388.6640625
131,23406.0,23392.7421875,23392.0,23388.94921875
132,23406.0,23393.09375,23392.0,23389.19140625
133,23372.0,23393.48828125,23400.0,23389.3828125
134,23382.0,23393.84375,23392.0,23389.634765625
135,23364.0,23394.328125,23392.0,23389.8515625
136,23390.0,23394.572265625,23410.0,23390.150390625
137,23398.0,23394.662109375,23392.0,23390.5
138,23364.0,23394.9921875,23368.0,23390.8203125
139,23372.0,23395.1875,23368.0,23391.15625
140,23372.0,23395.75390625,23384.0,23391.44921875
141,23398.0,23396.421875,23384.0,23391.888671875
142,23390.0,23396.94140625,23368.0,23392.26953125
143,23382.0,23397.767578125,23360.0,23392.537109375
144,23382.0,23397.8515625,23392.0,23392.83203125
145,23390.0,23397.35546875,23392.0,23393.10546875
146,23382.0,23397.68359375,23376.0,23393.265625
147,23390.0,23397.05859375,23376.0,23393.431640625
148,23382.0,23398.12890625,23392.0,23393.80859375
149,23390.0,23401.953125,23410.0,23393.1640625
150,23406.0,23403.830078125,23360.0,23392.337890625
151,23414.0,23408.458984375,23376.0,23391.66015625
152,23422.0,23413.7578125,23392.0,23389.1484375
153,23398.0,23408.9921875,23392.0,23388.3046875
154,23372.0,23400.041015625,23384.0,23389.36328125
155,23390.0,23398.8125,23384.0,23390.1796875
156,23390.0,23401.73046875,23400.0,23394.27734375
157,23390.0,23401.7109375,23376.0,23399.2890625
158,23390.0,23400.9609375,23434.0,23403.8046875
159,23398.0,23401.3828125,23426.0,23409.626953125
160,23390.0,23401.72265625,23442.0,23410.787109375
161,23398.0,23401.4765625,23392.0,23404.0703125
162,23382.0,23401.6171875,23392.0,23396.583984375
163,23422.0,23401.970703125,23410.0,23394.08984375
164,23390.0,23401.990234375,23410.0,23395.759765625
165,23382.0,23402.2265625,23392.0,23397.0390625
166,23406.0,23402.466796875,23410.0,23396.99609375
167,23406.0,23402.919921875,23392.0,23398.93359375
168,23406.0,23403.314453125,23418.0,23399.958984375
169,23356.0,23403.462890625,23384.0,23399.453125
170,23406.0,23403.658203125,23384.0,23399.478515625
171,23390.0,23403.77734375,23400.0,23399.22265625
172,23414.0,23403.98046875,23384.0,23398.904296875
173,23372.0,23404.2734375,23410.0,23399.01171875
174,23406.0,23404.552734375,23384.0,23399.298828125
175,23390.0,23404.876953125,23360.0,23399.67578125
176,23398.0,23405.16015625,23384.0,23400.36328125
177,23390.0,23405.40625,23392.0,23400.779296875
178,23390.0,23405.6875,23384.0,23401.251953125
179,23372.0,23405.962890625,23392.0,23401.650390625
180,23390.0,23406.2421875,23410.0,23401.91015625
181,23414.0,23406.53515625,23410.0,23402.26171875
182,23390.0,23406.85546875,23384.0,23402.53515625
183,23398.0,23407.17578125,23392.0,23402.859375
184,23372.0,23407.5390625,23384.0,23403.09765625
185,23398.0,23407.884765625,23392.0,23403.3515625
186,23398.0,23408.20703125,23400.0,23403.53515625
187,23398.0,23408.52734375,23410.0,23403.75
188,23382.0,23408.830078125,23400.0,23404.009765625
189,23398.0,23409.140625,23400.0,23404.30078125
190,23406.0,23409.392578125,23392.0,23404.54296875
191,23406.0,23409.64453125,23392.0,23404.80078125
192,23406.0,23409.853515625,23392.0,23405.06640625
193,23398.0,23410.076171875,23384.0,23405.291015625
194,23390.0,23410.27734375,23410.0,23405.505859375
195,23398.0,23410.47265625,23418.0,23405.6875
196,23406.0,23410.6953125,23392.0,23405.85546875
197,23398.0,23410.8984375,23384.0,23406.01171875
198,23398.0,23411.10546875,23410.0,23406.19140625
199,23364.0,23411.302734375,23410.0,23406.349609375
200,23406.0,23411.490234375,23384.0,23406.533203125
201,23406.0,23411.697265625,23418.0,23406.74609375
202,23406.0,23411.94140625,23418.0,23406.96875
203,23406.0,23412.181640625,23418.0,23407.203125
204,23406.0,23412.4140625,23410.0,23407.43359375
205,23390.0,23412.640625,23410.0,23407.65625
206,23422.0,23412.9375,23410.0,23407.888671875
207,23382.0,23413.19921875,23418.0,23408.111328125
208,23390.0,23413.525390625,23418.0,23408.31640625
209,23414.0,23413.83203125,23400.0,23408.5078125
210,23406.0,23414.140625,23384.0,23408.73046875
211,23406.0,23414.423828125,23410.0,23408.92578125
212,23406.0,23414.662109375,23410.0,23409.11328125
213,23406.0,23414.890625,23426.0,23409.3046875
214,23406.0,23415.10546875,23410.0,23409.5625
215,23406.0,23415.3046875,23410.0,23409.796875
216,23414.0,23415.5546875,23400.0,23410.1484375
217,23406.0,23415.841796875,23410.0,23410.45703125
218,23390.0,23416.009765625,23392.0,23410.69140625
219,23414.0,23416.21875,23418.0,23410.91796875
220,23406.0,23416.4140625,23410.0,23411.123046875
221,23406.0,23416.6015625,23410.0,23411.41796875
222,23390.0,23416.625,23410.0,23411.484375
223,23422.0,23416.69921875,23392.0,23411.6328125
224,23406.0,23416.6328125,23418.0,23411.51171875
225,23398.0,23416.5859375,23434.0,23411.361328125
226,23406.0,23416.548828125,23410.0,23411.28515625
227,23406.0,23416.49609375,23426.0,23411.2578125
228,23398.0,23416.548828125,23418.0,23411.296875
229,23398.0,23416.705078125,23418.0,23411.15625
230,23398.0,23416.8984375,23410.0,23411.375
231,23422.0,23417.0625,23418.0,23411.642578125
232,23398.0,23417.12890625,23392.0,23412.30078125
233,23398.0,23417.033203125,23418.0,23413.162109375
234,23398.0,23417.208984375,23426.0,23413.94140625
235,23406.0,23417.2734375,23392.0,23415.21484375
236,23406.0,23417.541015625,23410.0,23415.666015625
237,23422.0,23417.4921875,23434.0,23415.8984375
238,23406.0,23417.59765625,23418.0,23416.890625
239,23414.0,23417.87890625,23418.0,23416.3984375
240,23390.0,23417.703125,23418.0,23418.26953125
241,23398.0,23417.857421875,23450.0,23423.69921875
242,23382.0,23418.53515625,23426.0,23426.4765625
243,23382.0,23419.65234375,23426.0,23424.71484375
244,23406.0,23420.82421875,23426.0,23420.072265625
245,23414.0,23422.2265625,23418.0,23417.474609375
246,23414.0,23424.501953125,23400.0,23415.845703125
247,23422.0,23428.703125,23426.0,23413.41796875
248,23440.0,23431.947265625,23418.0,23414.296875
249,23440.0,23431.33984375,23418.0,23415.49609375
250,23448.0,23430.220703125,23426.0,23416.228515625
251,23422.0,23427.6171875,23418.0,23417.5234375
252,23422.0,23423.54296875,23410.0,23417.37109375
253,23422.0,23422.25390625,23426.0,23417.5
254,23406.0,23421.16015625,23400.0,23417.904296875
255,23414.0,23420.9140625,23410.0,23418.4375
256,23422.0,23422.7421875,23418.0,23419.0859375
257,23398.0,23423.22265625,23392.0,23419.328125
258,23422.0,23423.619140625,23434.0,23419.642578125
259,23406.0,23423.91015625,23400.0,23419.703125
260,23414.0,23423.287109375,23418.0,23419.9921875
261,23430.0,23423.203125,23410.0,23420.25
262,23414.0,23423.171875,23450.0,23420.466796875
263,23414.0,23423.37890625,23400.0,23420.67578125
264,23406.0,23423.443359375,23426.0,23420.7109375
265,23414.0,23423.1953125,23426.0,23420.953125
266,23414.0,23423.185546875,23418.0,23421.19140625
267,23406.0,23423.09375,23426.0,23421.5703125
268,23406.0,23423.287109375,23434.0,23422.029296875
269,23422.0,23423.6640625,23426.0,23422.47265625
270,23406.0,23424.2109375,23410.0,23422.85546875
271,23430.0,23424.880859375,23410.0,23423.26171875
272,23406.0,23425.427734375,23426.0,23423.548828125
273,23430.0,23425.8359375,23426.0,23423.802734375
274,23414.0,23426.517578125,23410.0,23424.15234375
275,23430.0,23427.2578125,23426.0,23424.396484375
276,23430.0,23428.345703125,23418.0,23424.646484375
277,23430.0,23429.064453125,23450.0,23424.826171875
278,23398.0,23429.525390625,23410.0,23425.26171875
279,23414.0,23430.513671875,23418.0,23425.39453125
280,23406.0,23430.19921875,23418.0,23425.86328125
281,23422.0,23430.126953125,23418.0,23426.638671875
282,23414.0,23431.1875,23418.0,23427.22265625
283,23414.0,23431.8046875,23426.0,23427.904296875
284,23406.0,23432.900390625,23442.0,23428.30859375
285,23430.0,23436.84375,23392.0,23427.65625
286,23456.0,23442.8359375,23434.0,23427.07421875
287,23456.0,23447.1953125,23426.0,23426.564453125
288,23456.0,23446.98046875,23426.0,23425.87890625
289,23430.0,23444.84375,23410.0,23425.869140625
290,23448.0,23443.375,23442.0,23426.009765625
291,23422.0,23439.81640625,23426.0,23427.08984375
292,23406.0,23436.44921875,23418.0,23427.357421875
293,23422.0,23435.873046875,23450.0,23429.0625
294,23430.0,23435.0625,23410.0,23432.146484375
295,23456.0,23435.080078125,23426.0,23434.986328125
296,23430.0,23436.30859375,23460.0,23442.12109375
297,23406.0,23436.19921875,23484.0,23447.916015625
298,23406.0,23436.26953125,23476.0,23450.2734375
299,23448.0,23436.080078125,23450.0,23452.22265625
300,23406.0,23435.21484375,23484.0,23447.375
301,23422.0,23434.791015625,23450.0,23440.859375
302,23422.0,23434.623046875,23434.0,23436.298828125
303,23406.0,23434.63671875,23434.0,23429.822265625
304,23422.0,23434.828125,23418.0,23428.046875
305,23430.0,23434.86328125,23450.0,23429.154296875
306,23414.0,23434.962890625,23426.0,23429.810546875
307,23398.0,23435.185546875,23418.0,23432.375
308,23448.0,23435.41796875,23418.0,23434.5625
309,23414.0,23435.78125,23434.0,23435.46875
310,23414.0,23436.078125,23434.0,23436.33203125
311,23422.0,23436.58984375,23418.0,23437.25390625
312,23422.0,23436.982421875,23434.0,23436.623046875
313,23422.0,23437.28515625,23450.0,23436.19140625
314,23422.0,23437.546875,23418.0,23435.984375
315,23440.0,23437.833984375,23434.0,23435.58203125
316,23440.0,23438.171875,23450.0,23436.232421875
317,23430.0,23438.619140625,23426.0,23436.7109375
318,23430.0,23438.951171875,23434.0,23437.0
319,23430.0,23439.310546875,23426.0,23437.24609375
320,23406.0,23439.609375,23434.0,23437.150390625
321,23430.0,23439.80078125,23450.0,23437.1875
322,23440.0,23440.005859375,23418.0,23437.328125
323,23440.0,23440.09375,23442.0,23437.474609375
324,23414.0,23440.224609375,23418.0,23437.671875
325,23448.0,23440.328125,23434.0,23437.828125
326,23422.0,23440.484375,23426.0,23438.046875
327,23422.0,23440.57421875,23418.0,23438.228515625
328,23456.0,23440.68359375,23442.0,23438.44140625
329,23422.0,23440.87109375,23434.0,23438.65234375
330,23414.0,23441.115234375,23426.0,23438.92578125
331,23430.0,23441.388671875,23450.0,23439.19140625
332,23422.0,23441.66015625,23434.0,23439.453125
333,23422.0,23441.875,23460.0,23439.66796875
334,23448.0,23442.16015625,23434.0,23439.93359375
335,23430.0,23442.4453125,23426.0,23440.21484375
336,23430.0,23442.7421875,23434.0,23440.490234375
337,23422.0,23443.06640625,23450.0,23440.81640625
338,23422.0,23443.4140625,23450.0,23441.150390625
339,23440.0,23443.7578125,23418.0,23441.52734375
340,23430.0,23444.068359375,23468.0,23441.869140625
341,23440.0,23444.50390625,23460.0,23442.328125
342,23430.0,23444.95703125,23450.0,23442.8046875
343,23430.0,23445.36328125,23450.0,23443.265625
344,23456.0,23445.880859375,23434.0,23443.84765625
345,23432.0,23446.19921875,23436.0,23444.240234375
346,23450.0,23446.4375,23452.0,23444.544921875
347,23432.0,23446.5859375,23452.0,23444.7734375
348,23432.0,23446.75,23444.0,23445.00390625
349,23442.0,23446.759765625,23444.0,23445.10546875
350,23450.0,23446.55078125,23452.0,23444.9921875
351,23442.0,23446.498046875,23444.0,23445.00390625
352,23432.0,23446.171875,23436.0,23444.763671875
353,23458.0,23446.27734375,23436.0,23444.90234375
354,23458.0,23446.330078125,23470.0,23444.994140625
355,23442.0,23446.74609375,23462.0,23445.375
356,23432.0,23447.22265625,23428.0,23445.83203125
357,23450.0,23447.79296875,23452.0,23446.3515625
358,23442.0,23448.52734375,23428.0,23447.01953125
359,23432.0,23449.2578125,23436.0,23447.66015625
360,23442.0,23450.130859375,23444.0,23448.40625
361,23458.0,23450.53515625,23436.0,23448.7421875
362,23416.0,23451.1953125,23444.0,23449.33984375
363,23416.0,23451.36328125,23444.0,23449.48046875
364,23432.0,23451.4921875,23462.0,23449.58984375
365,23450.0,23451.85546875,23452.0,23449.953125
366,23424.0,23452.349609375,23452.0,23450.4765625
367,23424.0,23452.654296875,23436.0,23450.81640625
368,23442.0,23453.09375,23444.0,23451.32421875
369,23458.0,23453.234375,23452.0,23451.5
370,23442.0,23453.37109375,23420.0,23451.6796875
371,23416.0,23453.51171875,23452.0,23451.86328125
372,23450.0,23453.5546875,23444.0,23451.9921875
373,23432.0,23453.560546875,23428.0,23451.970703125
374,23432.0,23453.54296875,23462.0,23451.849609375
375,23450.0,23453.859375,23478.0,23452.1484375
376,23442.0,23454.29296875,23470.0,23452.375
377,23450.0,23455.61328125,23462.0,23453.60546875
378,23432.0,23456.55859375,23452.0,23454.53125
379,23450.0,23458.48828125,23452.0,23456.455078125
380,23432.0,23459.5546875,23470.0,23457.80859375
381,23442.0,23459.396484375,23444.0,23458.390625
382,23432.0,23460.0625,23462.0,23459.51953125
383,23450.0,23457.94140625,23462.0,23458.0390625
384,23466.0,23456.45703125,23452.0,23456.939453125
385,23442.0,23460.03125,23452.0,23459.794921875
386,23442.0,23462.849609375,23452.0,23462.03515625
387,23432.0,23462.078125,23462.0,23459.96875
388,23458.0,23461.51953125,23486.0,23458.716796875
389,23458.0,23462.28515625,23470.0,23460.115234375
390,23442.0,23464.95703125,23486.0,23463.2421875
391,23424.0,23460.53125,23452.0,23458.90625
392,23392.0,23409.470703125,23394.0,23409.0
393,22984.0,23031.44140625,23020.0,23045.85546875
394,22428.0,22441.455078125,22426.0,22450.650390625
395,22652.0,22681.603515625,22652.0,22663.609375
396,23408.0,23422.861328125,23412.0,23401.328125
397,23640.0,23646.78515625,23644.0,23639.755859375
398,23658.0,23674.4921875,23686.0,23669.91015625
399,23640.0,23675.5859375,23662.0,23672.46484375
400,23690.0,23680.83984375,23662.0,23674.5
401,23658.0,23683.7890625,23678.0,23676.76953125
402,23648.0,23681.064453125,23686.0,23674.2109375
403,23648.0,23677.095703125,23670.0,23669.560546875
404,23666.0,23678.189453125,23678.0,23670.990234375
405,23666.0,23679.84375,23678.0,23673.0234375
406,23682.0,23680.48046875,23678.0,23673.81640625
407,23674.0,23681.248046875,23694.0,23674.537109375
408,23674.0,23682.12109375,23644.0,23675.45703125
409,23698.0,23682.736328125,23686.0,23676.275390625
410,23682.0,23683.203125,23678.0,23676.90625
411,23674.0,23683.76953125,23670.0,23677.60546875
412,23666.0,23682.79296875,23694.0,23676.75390625
413,23690.0,23682.013671875,23662.0,23676.251953125
414,23674.0,23681.880859375,23694.0,23676.1171875
415,23682.0,23681.67578125,23686.0,23675.888671875
416,23674.0,23682.892578125,23670.0,23676.6796875
417,23666.0,23683.919921875,23686.0,23677.115234375
418,23666.0,23684.72265625,23678.0,23677.544921875
419,23674.0,23685.666015625,23694.0,23677.951171875
420,23666.0,23686.095703125,23678.0,23678.16796875
421,23690.0,23686.796875,23662.0,23678.259765625
422,23658.0,23687.212890625,23678.0,23678.40625
423,23658.0,23687.83203125,23686.0,23679.0234375
424,23666.0,23688.068359375,23662.0,23679.18359375
425,23658.0,23688.109375,23662.0,23679.271484375
426,23674.0,23688.208984375,23704.0,23679.861328125
427,23648.0,23688.2578125,23678.0,23680.5078125
428,23682.0,23688.59375,23678.0,23681.921875
429,23674.0,23688.89453125,23678.0,23685.47265625
430,23648.0,23689.4296875,23678.0,23688.326171875
431,23666.0,23689.974609375,23694.0,23691.666015625
432,23658.0,23690.59765625,23704.0,23695.138671875
433,23690.0,23691.5703125,23728.0,23695.37890625
434,23682.0,23692.71875,23704.0,23694.92578125
435,23708.0,23694.240234375,23704.0,23692.578125
436,23658.0,23695.40234375,23694.0,23688.607421875
437,23674.0,23695.5625,23686.0,23686.3203125
438,23666.0,23696.548828125,23686.0,23684.40234375
439,23698.0,23696.73046875,23694.0,23682.64453125
440,23674.0,23698.1796875,23704.0,23682.775390625
441,23674.0,23701.9921875,23686.0,23682.669921875
442,23708.0,23704.40625,23678.0,23682.4609375
443,23674.0,23707.607421875,23694.0,23682.708984375
444,23698.0,23709.208984375,23678.0,23681.91015625
445,23682.0,23707.48828125,23686.0,23681.583984375
446,23716.0,23706.189453125,23678.0,23681.85546875
447,23708.0,23702.990234375,23670.0,23682.40625
448,23674.0,23700.75390625,23678.0,23683.66015625
449,23674.0,23700.916015625,23704.0,23684.10546875
450,23658.0,23700.2890625,23678.0,23684.51171875
451,23666.0,23700.75390625,23712.0,23684.787109375
452,23698.0,23700.734375,23694.0,23684.51953125
453,23690.0,23700.232421875,23670.0,23684.7265625
454,23682.0,23700.03125,23678.0,23684.921875
455,23666.0,23699.8671875,23678.0,23685.40234375
456,23690.0,23700.046875,23678.0,23686.06640625
457,23682.0,23700.015625,23694.0,23686.603515625
458,23682.0,23700.125,23686.0,23687.009765625
459,23690.0,23700.19140625,23678.0,23687.5
460,23682.0,23700.197265625,23694.0,23687.9140625
461,23682.0,23700.177734375,23694.0,23688.51953125
462,23674.0,23700.25,23678.0,23689.01953125
463,23666.0,23700.423828125,23694.0,23689.53125
464,23698.0,23700.47265625,23670.0,23690.037109375
465,23674.0,23700.58984375,23694.0,23690.31640625
466,23674.0,23700.8046875,23694.0,23690.599609375
467,23674.0,23701.15234375,23694.0,23690.646484375
468,23666.0,23701.609375,23704.0,23690.736328125
469,23690.0,23702.248046875,23694.0,23690.76171875
470,23698.0,23702.828125,23694.0,23690.82421875
471,23698.0,23703.537109375,23712.0,23690.79296875
472,23682.0,23704.05078125,23704.0,23690.7890625
473,23682.0,23704.28515625,23678.0,23690.921875
474,23690.0,23704.703125,23694.0,23691.064453125
475,23674.0,23705.0,23678.0,23691.28125
476,23682.0,23705.421875,23704.0,23691.453125
477,23690.0,23705.66015625,23720.0,23691.76171875
478,23682.0,23706.05078125,23694.0,23692.09765625
479,23690.0,23706.6953125,23694.0,23692.51171875
480,23674.0,23707.349609375,23678.0,23692.99609375
481,23698.0,23708.0078125,23678.0,23693.1171875
482,23708.0,23708.775390625,23704.0,23693.26171875
483,23708.0,23709.66015625,23694.0,23693.294921875
484,23698.0,23710.2109375,23678.0,23693.44140625
485,23682.0,23712.48046875,23678.0,23693.85546875
486,23682.0,23714.76953125,23678.0,23693.953125
487,23698.0,23717.22265625,23694.0,23694.265625
488,23716.0,23721.392578125,23686.0,23693.931640625
489,23708.0,23722.671875,23678.0,23693.7890625
490,23724.0,23722.505859375,23678.0,23694.015625
491,23740.0,23721.078125,23694.0,23694.734375
492,23724.0,23716.1328125,23704.0,23695.56640625
493,23724.0,23713.126953125,23694.0,23694.728515625
494,23690.0,23711.26171875,23686.0,23695.255859375
495,23690.0,23709.48828125,23694.0,23694.91796875
496,23708.0,23711.25,23694.0,23695.994140625
497,23690.0,23712.34765625,23678.0,23701.31640625
498,23708.0,23713.01171875,23686.0,23705.115234375
499,23698.0,23714.03515625,23704.0,23710.625
500,23690.0,23713.5390625,23728.0,23717.72265625
501,23708.0,23713.4765625,23704.0,23718.689453125
502,23716.0,23713.453125,23728.0,23714.310546875
503,23708.0,23713.708984375,23694.0,23709.3125
504,23690.0,23713.80859375,23720.0,23706.1171875
505,23682.0,23713.61328125,23686.0,23704.787109375
506,23698.0,23713.5,23678.0,23702.74609375
507,23698.0,23713.26953125,23704.0,23701.6484375
508,23708.0,23713.3671875,23712.0,23702.2421875
509,23698.0,23713.5390625,23694.0,23702.6640625
510,23674.0,23713.84375,23694.0,23703.5234375
511,23690.0,23714.173828125,23694.0,23704.83203125
512,23724.0,23714.48046875,23704.0,23705.63671875
513,23690.0,23714.7109375,23704.0,23705.88671875
514,23708.0,23715.10546875,23694.0,23706.67578125
515,23698.0,23715.4609375,23704.0,23707.18359375
516,23690.0,23715.8125,23720.0,23707.822265625
517,23708.0,23716.19921875,23678.0,23708.521484375
518,23724.0,23716.591796875,23694.0,23708.93359375
519,23708.0,23717.001953125,23694.0,23709.390625
520,23716.0,23717.361328125,23704.0,23709.416015625
521,23708.0,23717.6953125,23704.0,23709.59375
522,23708.0,23718.001953125,23704.0,23709.6640625
523,23708.0,23718.310546875,23704.0,23709.80859375
524,23716.0,23718.65234375,23694.0,23710.13671875
525,23708.0,23719.017578125,23712.0,23710.4609375
526,23716.0,23719.28125,23720.0,23710.7265625
527,23690.0,23719.599609375,23678.0,23711.015625
528,23716.0,23719.84765625,23686.0,23711.33984375
529,23698.0,23720.09765625,23712.0,23711.607421875
530,23708.0,23720.314453125,23694.0,23711.90234375
531,23708.0,23720.5703125,23694.0,23712.15234375
532,23708.0,23720.833984375,23720.0,23712.3515625
533,23708.0,23721.09765625,23720.0,23712.548828125
534,23690.0,23721.38671875,23686.0,23712.822265625
535,23724.0,23721.7109375,23712.0,23713.0546875
536,23698.0,23722.09375,23694.0,23713.34765625
537,23698.0,23722.474609375,23704.0,23713.646484375
538,23682.0,23722.85546875,23712.0,23713.9765625
539,23708.0,23723.2578125,23720.0,23714.30078125
540,23690.0,23723.625,23704.0,23714.62109375
541,23698.0,23724.015625,23720.0,23714.93359375
542,23708.0,23724.392578125,23704.0,23715.23828125
543,23690.0,23724.7578125,23720.0,23715.546875
544,23708.0,23725.095703125,23686.0,23715.796875
545,23708.0,23725.40234375,23712.0,23716.060546875
546,23698.0,23725.728515625,23686.0,23716.34375
547,23708.0,23725.98828125,23694.0,23716.6328125
548,23698.0,23726.28515625,23704.0,23716.955078125
549,23708.0,23726.5625,23712.0,23717.259765625
550,23708.0,23726.85546875,23704.0,23717.58203125
551,23708.0,23727.10546875,23720.0,23717.91015625
552,23698.0,23727.337890625,23694.0,23718.234375
553,23708.0,23727.595703125,23704.0,23718.5703125
554,23724.0,23727.88671875,23694.0,23718.921875
555,23690.0,23728.171875,23712.0,23719.28125
556,23708.0,23728.470703125,23694.0,23719.640625
557,23724.0,23728.76171875,23720.0,23720.015625
558,23724.0,23729.078125,23694.0,23720.392578125
559,23682.0,23729.400390625,23712.0,23720.76171875
560,23708.0,23729.71484375,23712.0,23721.12890625
561,23708.0,23730.02734375,23720.0,23721.453125
562,23716.0,23730.359375,23720.0,23721.78125
563,23724.0,23730.71484375,23712.0,23722.07421875
564,23698.0,23731.0625,23694.0,23722.3671875
565,23708.0,23731.4140625,23694.0,23722.65625
566,23716.0,23731.77734375,23744.0,23722.943359375
567,23732.0,23732.171875,23712.0,23723.23046875
568,23708.0,23732.5859375,23686.0,23723.53125
569,23716.0,23733.001953125,23728.0,23723.861328125
570,23698.0,23733.384765625,23720.0,23724.162109375
571,23716.0,23733.798828125,23728.0,23724.5078125
572,23724.0,23734.205078125,23754.0,23724.857421875
573,23724.0,23734.65625,23720.0,23725.19921875
574,23716.0,23735.029296875,23704.0,23725.484375
575,23732.0,23735.44140625,23704.0,23725.828125
576,23724.0,23735.78515625,23728.0,23726.08984375
577,23740.0,23736.07421875,23720.0,23726.33984375
578,23716.0,23736.37890625,23720.0,23726.62890625
579,23732.0,23736.6484375,23728.0,23726.904296875
580,23708.0,23736.94140625,23744.0,23727.248046875
581,23708.0,23737.2578125,23728.0,23727.734375
582,23716.0,23737.642578125,23704.0,23728.224609375
583,23732.0,23738.029296875,23736.0,23728.69921875
584,23724.0,23738.5,23744.0,23729.095703125
585,23724.0,23738.92578125,23736.0,23729.31640625
586,23708.0,23739.357421875,23720.0,23729.689453125
587,23724.0,23739.806640625,23704.0,23729.9609375
588,23708.0,23740.27734375,23720.0,23730.61328125
589,23732.0,23740.783203125,23720.0,23730.896484375
590,23740.0,23741.146484375,23720.0,23730.904296875
591,23698.0,23741.58984375,23712.0,23731.263671875
592,23716.0,23741.75,23728.0,23730.4609375
593,23716.0,23741.97265625,23728.0,23730.09765625
594,23698.0,23742.322265625,23720.0,23730.59765625
595,23740.0,23742.74609375,23720.0,23731.0234375
596,23724.0,23743.365234375,23728.0,23733.458984375
597,23732.0,23743.67578125,23744.0,23737.30078125
598,23732.0,23744.1953125,23728.0,23739.798828125
599,23724.0,23744.875,23762.0,23743.1171875
600,23724.0,23745.767578125,23744.0,23745.41015625
601,23756.0,23746.697265625,23728.0,23743.76171875
602,23724.0,23747.32421875,23720.0,23741.125
603,23724.0,23748.052734375,23728.0,23737.8984375
604,23724.0,23749.734375,23728.0,23735.62890625
605,23740.0,23751.708984375,23744.0,23735.533203125
606,23740.0,23752.94921875,23728.0,23735.412109375
607,23748.0,23754.44140625,23744.0,23736.34765625
608,23748.0,23754.90234375,23754.0,23738.4296875
609,23740.0,23753.9453125,23720.0,23739.1328125
610,23732.0,23753.4765625,23744.0,23740.076171875
611,23740.0,23752.35546875,23736.0,23740.8203125
612,23756.0,23751.830078125,23728.0,23740.875
613,23708.0,23752.890625,23736.0,23741.40625
614,23716.0,23753.865234375,23728.0,23741.8515625
615,23724.0,23755.587890625,23744.0,23742.4765625
616,23716.0,23757.6875,23720.0,23742.96875
617,23732.0,23759.37109375,23728.0,23743.31640625
618,23740.0,23760.63671875,23736.0,23743.6015625
619,23748.0,23761.86328125,23728.0,23743.84765625
620,23748.0,23762.03125,23728.0,23744.23828125
621,23748.0,23761.625,23720.0,23744.71875
622,23732.0,23761.671875,23728.0,23745.17578125
623,23724.0,23761.056640625,23744.0,23745.634765625
624,23748.0,23761.45703125,23736.0,23746.130859375
625,23740.0,23762.416015625,23744.0,23746.564453125
626,23732.0,23763.0859375,23770.0,23746.99609375
627,23748.0,23763.919921875,23728.0,23747.37890625
628,23732.0,23764.134765625,23712.0,23747.716796875
629,23724.0,23764.267578125,23744.0,23747.98828125
630,23724.0,23764.69921875,23736.0,23748.265625
631,23766.0,23764.7734375,23754.0,23748.5234375
632,23782.0,23765.630859375,23720.0,23748.822265625
633,23756.0,23766.408203125,23736.0,23749.208984375
634,23740.0,23766.5703125,23728.0,23749.53515625
635,23756.0,23766.625,23744.0,23749.8828125
636,23756.0,23766.119140625,23736.0,23750.16015625
637,23748.0,23765.41015625,23754.0,23750.685546875
638,23732.0,23764.25,23762.0,23751.1796875
639,23748.0,23763.34375,23754.0,23751.625
640,23748.0,23761.9453125,23762.0,23752.19140625
641,23732.0,23760.484375,23720.0,23752.32421875
642,23732.0,23759.486328125,23762.0,23752.427734375
643,23756.0,23758.984375,23744.0,23752.328125
644,23740.0,23758.53125,23720.0,23752.3046875
645,23756.0,23759.19140625,23744.0,23752.091796875
646,23732.0,23761.03125,23744.0,23751.6796875
647,23740.0,23763.046875,23744.0,23751.462890625
648,23748.0,23767.60546875,23744.0,23750.78125
649,23748.0,23771.697265625,23704.0,23750.91796875
650,23756.0,23773.947265625,23744.0,23751.18359375
651,23740.0,23776.1015625,23770.0,23752.267578125
652,23756.0,23774.36328125,23744.0,23752.94140625
653,23748.0,23771.01171875,23728.0,23752.7421875
654,23748.0,23768.560546875,23744.0,23754.068359375
655,23748.0,23764.548828125,23736.0,23754.51171875
656,23732.0,23762.908203125,23754.0,23757.53125
657,23740.0,23763.3359375,23744.0,23762.3671875
658,23756.0,23763.240234375,23754.0,23765.341796875
659,23756.0,23764.25,23778.0,23768.943359375
660,23748.0,23764.87109375,23770.0,23769.599609375
661,23732.0,23764.453125,23762.0,23766.94921875
662,23748.0,23764.421875,23744.0,23764.71875
663,23740.0,23764.2734375,23762.0,23760.58984375
664,23740.0,23763.869140625,23770.0,23757.5078125
665,23748.0,23763.767578125,23754.0,23756.93359375
666,23732.0,23763.8125,23744.0,23755.951171875
667,23774.0,23764.021484375,23754.0,23756.263671875
668,23732.0,23764.48046875,23728.0,23756.693359375
669,23756.0,23764.94921875,23770.0,23757.0546875
670,23748.0,23765.3515625,23762.0,23757.837890625
671,23740.0,23765.880859375,23770.0,23759.009765625
672,23756.0,23766.23046875,23762.0,23760.29296875
673,23740.0,23766.41015625,23754.0,23760.728515625
674,23756.0,23766.609375,23762.0,23761.421875
675,23732.0,23766.7734375,23762.0,23761.73828125
676,23766.0,23766.8828125,23762.0,23761.9375
677,23732.0,23767.0703125,23762.0,23762.404296875
678,23756.0,23767.337890625,23744.0,23762.74609375
679,23756.0,23767.66015625,23754.0,23763.1875
680,23766.0,23768.140625,23754.0,23763.4765625
681,23766.0,23768.619140625,23762.0,23763.859375
682,23732.0,23769.1015625,23762.0,23764.181640625
683,23766.0,23769.626953125,23762.0,23764.59765625
684,23756.0,23770.064453125,23778.0,23765.080078125
685,23774.0,23770.548828125,23778.0,23765.61328125
686,23756.0,23771.03125,23744.0,23766.134765625
687,23732.0,23771.47265625,23762.0,23766.630859375
688,23756.0,23771.91015625,23762.0,23767.1640625
689,23748.0,23772.27734375,23762.0,23767.576171875
690,23732.0,23772.65234375,23754.0,23768.02734375
691,23766.0,23772.8984375,23744.0,23768.31640625
692,23748.0,23773.177734375,23770.0,23768.58984375
693,23748.0,23773.421875,23754.0,23768.80859375
694,23748.0,23773.67578125,23744.0,23769.08984375
695,23774.0,23773.837890625,23754.0,23769.24609375
696,23748.0,23774.01953125,23770.0,23769.470703125
697,23756.0,23774.271484375,23762.0,23769.8125
698,23748.0,23774.4921875,23762.0,23770.107421875
699,23774.0,23774.73046875,23762.0,23770.43359375
700,23756.0,23774.953125,23770.0,23770.740234375
701,23756.0,23775.13671875,23744.0,23771.0
702,23774.0,23775.302734375,23770.0,23771.193359375
703,23766.0,23775.486328125,23762.0,23771.390625
704,23756.0,23775.671875,23754.0,23771.5234375
705,23756.0,23775.87890625,23762.0,23771.671875
706,23774.0,23776.0625,23770.0,23771.80859375
707,23790.0,23776.28515625,23778.0,23771.9296875
708,23756.0,23776.48828125,23770.0,23772.08984375
709,23774.0,23776.7890625,23762.0,23772.36328125
710,23766.0,23777.078125,23728.0,23772.634765625
711,23774.0,23777.396484375,23778.0,23772.91015625
712,23756.0,23777.740234375,23762.0,23773.177734375
713,23740.0,23777.9375,23754.0,23773.24609375
714,23774.0,23778.146484375,23762.0,23773.41796875
715,23782.0,23778.326171875,23778.0,23773.53515625
716,23766.0,23778.515625,23762.0,23773.673828125
717,23790.0,23778.611328125,23762.0,23773.693359375
718,23782.0,23778.69921875,23794.0,23773.8125
719,23756.0,23778.8984375,23762.0,23774.091796875
720,23766.0,23779.052734375,23786.0,23774.3984375
721,23756.0,23779.43359375,23786.0,23774.98046875
722,23774.0,23779.78125,23770.0,23775.505859375
723,23774.0,23780.34765625,23762.0,23776.380859375
724,23748.0,23780.916015625,23770.0,23777.1953125
725,23756.0,23781.6484375,23778.0,23778.216796875
726,23756.0,23782.33203125,23770.0,23779.095703125
727,23774.0,23783.03515625,23762.0,23780.0859375
728,23774.0,23783.65625,23778.0,23780.951171875
729,23774.0,23783.896484375,23744.0,23781.400390625
730,23790.0,23784.318359375,23762.0,23781.951171875
731,23756.0,23784.375,23812.0,23782.12890625
732,23756.0,23784.52734375,23762.0,23782.38671875
733,23774.0,23784.6640625,23762.0,23782.671875
734,23782.0,23784.966796875,23770.0,23783.09765625
735,23756.0,23785.13671875,23762.0,23783.33984375
736,23782.0,23785.39453125,23744.0,23783.763671875
737,23748.0,23785.826171875,23762.0,23784.32421875
738,23774.0,23786.25,23770.0,23784.81640625
739,23774.0,23786.90625,23794.0,23785.46875
740,23774.0,23787.53125,23762.0,23786.0234375
741,23748.0,23787.80078125,23770.0,23786.1796875
742,23766.0,23788.0,23778.0,23786.2578125
743,23766.0,23788.2734375,23794.0,23786.337890625
744,23774.0,23788.296875,23778.0,23786.25390625
745,23766.0,23789.09765625,23794.0,23787.046875
746,23774.0,23789.798828125,23812.0,23787.634765625
747,23774.0,23790.828125,23770.0,23788.623046875
748,23782.0,23792.01953125,23804.0,23789.529296875
749,23774.0,23792.537109375,23778.0,23789.69921875
750,23756.0,23793.09765625,23778.0,23790.13671875
751,23756.0,23793.43359375,23762.0,23790.353515625
752,23782.0,23793.75390625,23770.0,23791.068359375
753,23766.0,23793.73046875,23786.0,23791.26953125
754,23774.0,23793.826171875,23786.0,23791.41796875
755,23756.0,23792.546875,23754.0,23789.701171875
756,23766.0,23791.7578125,23786.0,23788.19140625
757,23774.0,23794.9921875,23812.0,23792.609375
758,23790.0,23797.0,23770.0,23795.17578125
759,23756.0,23797.265625,23762.0,23794.921875
760,23774.0,23798.56640625,23762.0,23796.71484375
761,23766.0,23797.7109375,23778.0,23794.58203125
762,23774.0,23796.875,23770.0,23790.94921875
763,23774.0,23800.587890625,23778.0,23794.466796875
764,23774.0,23796.546875,23762.0,23792.75
765,23682.0,23699.87109375,23694.0,23699.84375
766,23184.0,23187.439453125,23194.0,23206.837890625
767,22594.0,22632.966796875,22618.0,22636.3828125
768,23366.0,23395.80859375,23344.0,23366.72265625
769,24628.0,24632.77734375,24620.0,24624.359375
770,24962.0,24979.7734375,25004.0,25010.3828125
771,25012.0,25017.779296875,25054.0,25054.47265625
772,25028.0,25026.986328125,25064.0,25064.95703125
773,24994.0,25028.0078125,25080.0,25064.9375
774,24994.0,25028.466796875,25022.0,25066.029296875
775,25012.0,25027.91796875,25054.0,25066.599609375
776,25012.0,25031.40625,25064.0,25070.814453125
777,25028.0,25036.8828125,25054.0,25077.525390625
778,25036.0,25037.34765625,25054.0,25080.40625
779,25036.0,25035.0703125,25080.0,25086.650390625
780,25020.0,25036.59765625,25072.0,25092.6796875
781,25020.0,25037.91796875,25080.0,25090.935546875
782,25036.0,25037.8515625,25096.0,25088.396484375
783,25028.0,25037.998046875,25080.0,25082.55078125
784,25020.0,25037.48828125,25046.0,25076.392578125
785,25036.0,25038.390625,25064.0,25075.2109375
786,25012.0,25040.3984375,25080.0,25073.875
787,25020.0,25043.5859375,25054.0,25074.42578125
788,25002.0,25047.515625,25054.0,25076.39453125
789,25028.0,25051.57421875,25054.0,25076.583984375
790,25028.0,25056.173828125,25054.0,25077.16015625
791,25028.0,25060.44921875,25088.0,25077.59375
792,25052.0,25065.4453125,25054.0,25077.33203125
793,25036.0,25070.126953125,25080.0,25077.2578125
794,25052.0,25073.443359375,25054.0,25077.515625
795,25070.0,25075.765625,25054.0,25077.75
796,25070.0,25076.734375,25080.0,25078.4375
797,25044.0,25075.892578125,25088.0,25078.892578125
798,25060.0,25074.23046875,25064.0,25078.845703125
799,25060.0,25071.087890625,25080.0,25079.044921875
800,25044.0,25068.0234375,25088.0,25078.390625
801,25052.0,25067.380859375,25080.0,25078.0078125
802,25036.0,25066.041015625,25054.0,25077.74609375
803,25052.0,25065.91796875,25080.0,25077.744140625
804,25036.0,25065.34765625,25072.0,25078.083984375
805,25036.0,25063.984375,25080.0,25078.71875
806,25028.0,25064.302734375,25080.0,25079.62109375
807,25044.0,25064.40234375,25080.0,25080.70703125
808,25060.0,25066.68359375,25064.0,25081.97265625
809,25070.0,25068.80078125,25080.0,25082.53515625
810,25060.0,25070.765625,25096.0,25083.517578125
811,25060.0,25072.72265625,25064.0,25084.265625
812,25052.0,25073.6015625,25096.0,25085.05078125
813,25052.0,25075.21484375,25072.0,25085.80859375
814,25052.0,25075.8359375,25072.0,25086.60546875
815,25052.0,25076.462890625,25088.0,25087.626953125
816,25086.0,25076.494140625,25064.0,25088.15625
817,25060.0,25075.44140625,25080.0,25089.39453125
818,25060.0,25073.8359375,25096.0,25090.869140625
819,25036.0,25071.5390625,25096.0,25093.1015625
820,25052.0,25068.921875,25096.0,25095.18359375
821,25060.0,25066.95703125,25096.0,25096.080078125
822,25052.0,25065.701171875,25114.0,25098.166015625
823,25060.0,25064.650390625,25088.0,25099.5078125
824,25052.0,25064.974609375,25096.0,25101.82421875
825,25044.0,25065.15625,25080.0,25106.541015625
826,25052.0,25065.61328125,25088.0,25111.154296875
827,25070.0,25066.4921875,25130.0,25116.91796875
828,25060.0,25066.771484375,25130.0,25119.5703125
829,25044.0,25067.294921875,25138.0,25117.9609375
830,25052.0,25067.92578125,25104.0,25116.6484375
831,25060.0,25068.87890625,25104.0,25112.95703125
832,25052.0,25069.44921875,25096.0,25109.646484375
833,25044.0,25069.642578125,25114.0,25109.474609375
834,25052.0,25070.14453125,25096.0,25108.494140625
835,25060.0,25070.515625,25104.0,25108.861328125
836,25060.0,25071.35546875,25114.0,25109.3828125
837,25070.0,25072.2265625,25088.0,25109.044921875
838,25070.0,25073.060546875,25080.0,25109.298828125
839,25028.0,25074.08984375,25104.0,25109.68359375
840,25078.0,25074.7734375,25122.0,25110.390625
841,25070.0,25075.541015625,25122.0,25111.08203125
842,25052.0,25076.47265625,25114.0,25112.1875
843,25070.0,25077.54296875,25104.0,25113.41015625
844,25070.0,25078.7265625,25138.0,25114.51953125
845,25086.0,25080.005859375,25130.0,25115.69921875
846,25070.0,25081.34375,25114.0,25117.044921875
847,25078.0,25082.7265625,25104.0,25118.40234375
848,25060.0,25084.1328125,25130.0,25119.580078125
849,25086.0,25085.333984375,25104.0,25120.595703125
850,25102.0,25086.58984375,25130.0,25121.767578125
851,25086.0,25087.6640625,25114.0,25122.728515625
852,25078.0,25088.703125,25130.0,25123.85546875
853,25060.0,25089.736328125,25096.0,25124.943359375
854,25078.0,25090.765625,25104.0,25126.0
855,25078.0,25091.693359375,25104.0,25126.958984375
856,25078.0,25092.734375,25104.0,25127.89453125
857,25060.0,25093.87890625,25114.0,25128.9453125
858,25086.0,25094.818359375,25122.0,25129.8515625
859,25070.0,25095.810546875,25104.0,25130.80078125
860,25102.0,25096.71484375,25130.0,25131.712890625
861,25060.0,25097.603515625,25104.0,25132.611328125
862,25094.0,25098.294921875,25138.0,25133.326171875
863,25086.0,25099.0,25138.0,25134.0625
864,25094.0,25099.6796875,25130.0,25134.77734375
865,25102.0,25100.41015625,25130.0,25135.525390625
866,25110.0,25100.98828125,25104.0,25136.1328125
867,25094.0,25101.603515625,25130.0,25136.78125
868,25086.0,25102.208984375,25146.0,25137.40625
869,25078.0,25102.8046875,25130.0,25138.03515625
870,25120.0,25103.38671875,25146.0,25138.6484375
871,25102.0,25103.95703125,25130.0,25139.2734375
872,25086.0,25104.576171875,25130.0,25139.96875
873,25086.0,25105.19921875,25114.0,25140.654296875
874,25086.0,25105.873046875,25130.0,25141.353515625
875,25120.0,25106.529296875,25130.0,25142.05859375
876,25102.0,25107.15625,25130.0,25142.7109375
877,25094.0,25107.75390625,25164.0,25143.36328125
878,25102.0,25108.490234375,25146.0,25144.1171875
879,25102.0,25109.16796875,25130.0,25144.84375
880,25086.0,25109.935546875,25146.0,25145.67578125
881,25094.0,25110.708984375,25122.0,25146.478515625
882,25078.0,25111.521484375,25146.0,25147.28515625
883,25110.0,25112.3046875,25146.0,25148.0703125
884,25094.0,25113.064453125,25154.0,25148.814453125
885,25102.0,25113.8125,25146.0,25149.564453125
886,25094.0,25114.53125,25114.0,25150.26953125
887,25120.0,25115.21875,25146.0,25150.97265625
888,25102.0,25115.853515625,25146.0,25151.65234375
889,25094.0,25116.51171875,25154.0,25152.34765625
890,25136.0,25117.1328125,25130.0,25152.9765625
891,25110.0,25117.7421875,25146.0,25153.6171875
892,25086.0,25118.3828125,25164.0,25154.265625
893,25120.0,25119.0078125,25146.0,25154.916015625
894,25102.0,25119.58984375,25146.0,25155.51171875
895,25120.0,25120.17578125,25164.0,25156.125
896,25102.0,25120.744140625,25146.0,25156.7265625
897,25102.0,25121.328125,25146.0,25157.328125
898,25128.0,25121.8984375,25130.0,25157.91015625
899,25086.0,25122.4921875,25154.0,25158.5078125
900,25102.0,25123.078125,25154.0,25159.1015625
901,25120.0,25123.677734375,25146.0,25159.708984375
902,25110.0,25124.294921875,25154.0,25160.333984375
903,25102.0,25124.93359375,25172.0,25160.970703125
904,25128.0,25125.6015625,25146.0,25161.62109375
905,25110.0,25126.2265625,25138.0,25162.244140625
906,25120.0,25126.8671875,25154.0,25162.90234375
907,25102.0,25127.5078125,25146.0,25163.5546875
908,25120.0,25128.14453125,25164.0,25164.21875
909,25120.0,25128.806640625,25172.0,25164.888671875
910,25120.0,25129.455078125,25146.0,25165.57421875
911,25094.0,25130.142578125,25154.0,25166.275390625
912,25102.0,25130.7890625,25180.0,25166.93359375
913,25110.0,25131.419921875,25172.0,25167.59375
914,25120.0,25132.078125,25154.0,25168.3046875
915,25136.0,25132.7578125,25164.0,25169.02734375
916,25128.0,25133.462890625,25164.0,25169.794921875
917,25120.0,25134.15625,25146.0,25170.546875
918,25128.0,25134.87890625,25164.0,25171.31640625
919,25120.0,25135.640625,25164.0,25172.1015625
920,25136.0,25136.400390625,25164.0,25172.83203125
921,25128.0,25137.16796875,25180.0,25173.576171875
922,25136.0,25137.95703125,25196.0,25174.3828125
923,25144.0,25138.7578125,25180.0,25175.1796875
924,25136.0,25139.5703125,25180.0,25176.0078125
925,25136.0,25140.453125,25164.0,25176.8359375
926,25120.0,25141.30078125,25164.0,25177.71484375
927,25152.0,25142.140625,25172.0,25178.552734375
928,25136.0,25142.900390625,25196.0,25179.40234375
929,25128.0,25143.5625,25172.0,25180.23046875
930,25120.0,25144.296875,25180.0,25181.08203125
931,25128.0,25144.9453125,25196.0,25181.8828125
932,25136.0,25145.638671875,25172.0,25182.673828125
933,25120.0,25146.21484375,25188.0,25183.41796875
934,25128.0,25146.90625,25196.0,25184.171875
935,25120.0,25147.583984375,25172.0,25184.890625
936,25120.0,25148.357421875,25196.0,25185.65234375
937,25144.0,25149.33984375,25164.0,25186.46875
938,25128.0,25150.259765625,25164.0,25187.201171875
939,25128.0,25151.33203125,25188.0,25187.95703125
940,25144.0,25152.345703125,25188.0,25188.69140625
941,25136.0,25153.4375,25188.0,25189.548828125
942,25136.0,25154.375,25180.0,25190.265625
943,25136.0,25155.3046875,25172.0,25191.015625
944,25144.0,25156.087890625,25196.0,25191.677734375
945,25120.0,25156.681640625,25196.0,25192.1328125
946,25136.0,25157.3203125,25188.0,25192.61328125
947,25128.0,25157.7109375,25180.0,25193.005859375
948,25160.0,25158.2109375,25188.0,25193.52734375
949,25144.0,25158.69921875,25188.0,25194.04296875
950,25160.0,25159.2890625,25172.0,25194.5390625
951,25144.0,25159.779296875,25180.0,25195.09765625
952,25136.0,25160.34765625,25180.0,25195.40625
953,25168.0,25160.94140625,25188.0,25196.076171875
954,25136.0,25161.58984375,25172.0,25196.966796875
955,25136.0,25162.310546875,25180.0,25198.2578125
956,25152.0,25163.02734375,25204.0,25199.6015625
957,25160.0,25163.7734375,25188.0,25199.87890625
958,25160.0,25164.451171875,25164.0,25200.8671875
959,25168.0,25165.375,25180.0,25201.26171875
960,25168.0,25166.0859375,25196.0,25202.10546875
961,25178.0,25166.673828125,25204.0,25205.392578125
962,25152.0,25167.40625,25196.0,25208.16015625
963,25168.0,25168.224609375,25214.0,25211.583984375
964,25144.0,25169.28515625,25230.0,25215.5078125
965,25152.0,25170.830078125,25222.0,25216.056640625
966,25152.0,25172.19921875,25230.0,25215.61328125
967,25152.0,25174.12109375,25238.0,25213.7109375
968,25186.0,25175.546875,25222.0,25210.01953125
969,25160.0,25175.818359375,25204.0,25208.85546875
970,25168.0,25176.7578125,25188.0,25207.32421875
971,25160.0,25177.373046875,25196.0,25206.66796875
972,25168.0,25178.30859375,25214.0,25206.66796875
973,25144.0,25180.78515625,25188.0,25205.97265625
974,25160.0,25183.45703125,25188.0,25206.189453125
975,25178.0,25186.74609375,25214.0,25206.279296875
976,25186.0,25190.294921875,25222.0,25207.404296875
977,25160.0,25192.75390625,25214.0,25208.34375
978,25186.0,25195.2734375,25214.0,25209.6015625
979,25186.0,25197.224609375,25196.0,25210.880859375
980,25202.0,25199.03125,25230.0,25211.6171875
981,25168.0,25200.71484375,25204.0,25212.375
982,25202.0,25201.9609375,25214.0,25212.98828125
983,25210.0,25202.953125,25214.0,25213.71875
984,25186.0,25203.81640625,25196.0,25214.09375
985,25186.0,25205.515625,25222.0,25214.52734375
986,25202.0,25206.53125,25188.0,25214.81640625
987,25202.0,25207.734375,25196.0,25215.130859375
988,25186.0,25208.701171875,25222.0,25215.7109375
989,25186.0,25209.576171875,25196.0,25216.62890625
990,25186.0,25210.41015625,25196.0,25217.30078125
991,25210.0,25210.498046875,25204.0,25218.0546875
992,25202.0,25211.443359375,25196.0,25218.634765625
993,25210.0,25212.2890625,25204.0,25218.6953125
994,25202.0,25212.48828125,25222.0,25218.9375
995,25202.0,25212.00390625,25230.0,25219.001953125
996,25210.0,25211.171875,25238.0,25219.1640625
997,25218.0,25209.625,25238.0,25219.0
998,25186.0,25207.591796875,25214.0,25219.109375
999,25186.0,25205.05859375,25196.0,25219.498046875
1000,25160.0,25202.033203125,25214.0,25219.884765625
1001,25178.0,25199.9609375,25196.0,25221.1015625
1002,25152.0,25197.9609375,25214.0,25222.43359375
1003,25186.0,25196.62890625,25238.0,25224.79296875
1004,25186.0,25195.4765625,25204.0,25226.1484375
1005,25186.0,25194.146484375,25214.0,25227.248046875
1006,25152.0,25193.75,25230.0,25229.998046875
1007,25202.0,25193.755859375,25214.0,25231.470703125
1008,25178.0,25194.41015625,25214.0,25235.75
1009,25202.0,25194.728515625,25222.0,25241.97265625
1010,25186.0,25195.53515625,25254.0,25246.77734375
1011,25194.0,25196.669921875,25254.0,25250.8671875
1012,25186.0,25197.546875,25246.0,25248.76953125
1013,25178.0,25198.72265625,25254.0,25242.65625
1014,25202.0,25199.71875,25238.0,25237.890625
1015,25186.0,25201.197265625,25214.0,25235.634765625
1016,25186.0,25202.109375,25230.0,25236.94921875
1017,25186.0,25202.8046875,25238.0,25237.720703125
1018,25186.0,25203.552734375,25230.0,25237.69140625
1019,25202.0,25204.26171875,25238.0,25238.98828125
1020,25210.0,25205.32421875,25222.0,25238.72265625
1021,25186.0,25206.537109375,25238.0,25238.3671875
1022,25202.0,25207.640625,25238.0,25238.939453125
1023,25194.0,25208.75,25246.0,25239.7421875
1024,25218.0,25209.7578125,25230.0,25241.275390625
1025,25178.0,25210.609375,25254.0,25242.380859375
1026,25186.0,25211.548828125,25238.0,25243.7734375
1027,25202.0,25212.2578125,25238.0,25245.021484375
1028,25202.0,25212.984375,25246.0,25246.212890625
1029,25186.0,25213.64453125,25264.0,25247.4921875
1030,25210.0,25214.423828125,25238.0,25248.708984375
1031,25202.0,25215.015625,25264.0,25249.861328125
1032,25210.0,25215.74609375,25254.0,25250.69140625
1033,25202.0,25216.609375,25246.0,25251.515625
1034,25210.0,25217.421875,25280.0,25252.26953125
1035,25202.0,25218.24609375,25272.0,25252.890625
1036,25202.0,25219.0078125,25230.0,25253.7421875
1037,25236.0,25219.701171875,25264.0,25254.529296875
1038,25236.0,25220.314453125,25254.0,25255.0859375
1039,25218.0,25220.8984375,25254.0,25255.625
1040,25210.0,25221.43359375,25254.0,25255.998046875
1041,25186.0,25222.044921875,25254.0,25256.515625
1042,25218.0,25222.572265625,25280.0,25256.96484375
1043,25210.0,25223.126953125,25246.0,25257.5078125
1044,25202.0,25223.69140625,25254.0,25258.05859375
1045,25210.0,25224.25390625,25246.0,25258.599609375
1046,25218.0,25224.8046875,25254.0,25259.228515625
1047,25186.0,25225.349609375,25246.0,25259.875
1048,25202.0,25225.953125,25264.0,25260.6640625
1049,25210.0,25226.517578125,25264.0,25261.388671875
1050,25236.0,25227.064453125,25238.0,25262.158203125
1051,25186.0,25227.59765625,25254.0,25262.921875
1052,25210.0,25228.0859375,25238.0,25263.61328125
1053,25202.0,25228.58984375,25272.0,25264.3359375
1054,25218.0,25229.10546875,25246.0,25265.072265625
1055,25210.0,25229.640625,25254.0,25265.828125
1056,25226.0,25230.216796875,25254.0,25266.56640625
1057,25244.0,25230.79296875,25280.0,25267.2890625
1058,25218.0,25231.33984375,25272.0,25268.01953125
1059,25236.0,25231.9375,25264.0,25268.75390625
1060,25244.0,25232.51171875,25280.0,25269.51171875
1061,25236.0,25233.072265625,25264.0,25270.287109375
1062,25218.0,25233.609375,25264.0,25271.0546875
1063,25218.0,25234.20703125,25272.0,25271.845703125
1064,25226.0,25234.8046875,25254.0,25272.640625
1065,25218.0,25235.4453125,25238.0,25273.412109375
1066,25218.0,25236.05078125,25264.0,25274.16796875
1067,25226.0,25236.70703125,25280.0,25274.93359375
1068,25226.0,25237.359375,25238.0,25275.6953125
1069,25244.0,25238.0390625,25264.0,25276.48046875
1070,25236.0,25238.6875,25264.0,25277.2265625
1071,25244.0,25239.318359375,25246.0,25278.0
1072,25218.0,25239.931640625,25264.0,25278.7421875
1073,25236.0,25240.484375,25280.0,25279.4765625
1074,25236.0,25241.072265625,25264.0,25280.216796875
1075,25226.0,25241.541015625,25264.0,25280.96875
1076,25244.0,25242.05078125,25264.0,25281.75390625
1077,25252.0,25242.568359375,25280.0,25282.521484375
1078,25252.0,25243.115234375,25264.0,25283.294921875
1079,25236.0,25243.578125,25280.0,25284.0859375
1080,25236.0,25244.021484375,25272.0,25284.83203125
1081,25218.0,25244.4453125,25288.0,25285.607421875
1082,25218.0,25244.9453125,25264.0,25286.451171875
1083,25226.0,25245.41015625,25288.0,25287.298828125
1084,25236.0,25245.91796875,25264.0,25288.16015625
1085,25202.0,25246.35546875,25280.0,25289.029296875
1086,25210.0,25246.85546875,25272.0,25290.001953125
1087,25236.0,25247.396484375,25288.0,25290.921875
1088,25218.0,25247.9140625,25280.0,25291.923828125
1089,25218.0,25248.5390625,25314.0,25292.8671875
1090,25260.0,25249.1875,25296.0,25293.83203125
1091,25226.0,25249.978515625,25288.0,25294.720703125
1092,25236.0,25250.7734375,25296.0,25295.5859375
1093,25252.0,25251.6015625,25322.0,25296.4140625
1094,25276.0,25252.41015625,25296.0,25297.1953125
1095,25236.0,25253.2890625,25280.0,25297.94140625
1096,25252.0,25254.10546875,25304.0,25298.65234375
1097,25244.0,25254.841796875,25296.0,25299.470703125
1098,25244.0,25255.6171875,25280.0,25300.201171875
1099,25230.0,25256.328125,25298.0,25300.99609375
1100,25230.0,25257.046875,25298.0,25301.771484375
1101,25238.0,25257.76953125,25298.0,25302.5078125
1102,25254.0,25258.56640625,25316.0,25303.2421875
1103,25262.0,25259.29296875,25340.0,25303.984375
1104,25230.0,25260.15625,25298.0,25304.84375
1105,25246.0,25261.01953125,25282.0,25305.68359375
1106,25254.0,25261.802734375,25308.0,25306.41796875
1107,25246.0,25262.5546875,25308.0,25307.126953125
1108,25254.0,25263.25390625,25308.0,25307.767578125
1109,25262.0,25263.98828125,25308.0,25308.63671875
1110,25270.0,25264.5390625,25298.0,25309.33984375
1111,25246.0,25265.109375,25308.0,25310.07421875
1112,25246.0,25265.52734375,25298.0,25310.73046875
1113,25262.0,25265.8984375,25298.0,25311.0234375
1114,25270.0,25266.25390625,25282.0,25311.369140625
1115,25262.0,25266.587890625,25308.0,25311.58203125
1116,25238.0,25266.95703125,25316.0,25311.791015625
1117,25246.0,25267.443359375,25324.0,25312.01171875
1118,25262.0,25268.06640625,25332.0,25312.45703125
1119,25254.0,25268.716796875,25308.0,25312.98828125
1120,25262.0,25269.51171875,25316.0,25313.486328125
1121,25262.0,25270.18359375,25316.0,25314.4921875
1122,25262.0,25270.970703125,25316.0,25315.7890625
1123,25254.0,25271.87890625,25282.0,25317.857421875
1124,25246.0,25272.556640625,25308.0,25319.8125
1125,25246.0,25272.83984375,25308.0,25319.9921875
1126,25254.0,25273.5,25298.0,25321.12890625
1127,25262.0,25273.986328125,25332.0,25321.76953125
1128,25254.0,25274.916015625,25308.0,25322.9453125
1129,25246.0,25277.05859375,25332.0,25327.640625
1130,25246.0,25278.646484375,25290.0,25331.427734375
1131,25238.0,25280.875,25316.0,25336.890625
1132,25278.0,25282.4296875,25332.0,25343.0625
1133,25288.0,25282.146484375,25348.0,25344.685546875
1134,25262.0,25282.107421875,25324.0,25344.802734375
1135,25278.0,25281.79296875,25340.0,25343.2265625
1136,25270.0,25281.400390625,25332.0,25339.228515625
1137,25254.0,25281.20703125,25316.0,25335.4296875
1138,25262.0,25281.484375,25290.0,25331.765625
1139,25270.0,25282.138671875,25308.0,25326.80078125
1140,25278.0,25281.94921875,25332.0,25323.134765625
1141,25262.0,25285.009765625,25316.0,25326.6015625
1142,25262.0,25289.466796875,25332.0,25329.19140625
1143,25296.0,25291.67578125,25308.0,25327.451171875
1144,25270.0,25298.21875,25308.0,25329.224609375
1145,25278.0,25305.15234375,25324.0,25331.359375
1146,25296.0,25309.12890625,25358.0,25333.666015625
1147,25288.0,25308.337890625,25340.0,25330.59765625
1148,25246.0,25254.515625,25282.0,25278.443359375
1149,24740.0,24759.6953125,24774.0,24794.5078125
1150,23468.0,23474.7578125,23530.0,23528.87109375
1151,22788.0,22796.34765625,22730.0,22757.525390625
1152,23602.0,23614.265625,23696.0,23679.46484375
1153,24182.0,24200.724609375,24298.0,24300.19921875
1154,24258.0,24283.62890625,24382.0,24392.65234375
1155,24258.0,24292.16015625,24382.0,24400.22265625
1156,24250.0,24293.154296875,24406.0,24399.4453125
1157,24274.0,24292.888671875,24382.0,24404.103515625
1158,24266.0,24294.5234375,24414.0,24406.232421875
1159,24258.0,24294.82421875,24390.0,24402.8359375
1160,24274.0,24292.43359375,24398.0,24401.62890625
1161,24282.0,24292.3515625,24414.0,24405.36328125
1162,24290.0,24292.970703125,24382.0,24407.5234375
1163,24308.0,24292.8828125,24390.0,24408.884765625
1164,24274.0,24294.349609375,24398.0,24410.74609375
1165,24266.0,24295.05078125,24422.0,24410.375
1166,24290.0,24295.54296875,24406.0,24410.298828125
1167,24266.0,24295.650390625,24422.0,24408.771484375
1168,24274.0,24295.0,24422.0,24407.11328125
1169,24274.0,24295.4296875,24372.0,24407.97265625
1170,24282.0,24295.63671875,24372.0,24408.3203125
1171,24266.0,24296.21875,24398.0,24409.671875
1172,24266.0,24296.58984375,24390.0,24410.4921875
1173,24274.0,24295.96875,24390.0,24409.92578125
1174,24290.0,24295.703125,24398.0,24410.05078125
1175,24274.0,24294.98046875,24398.0,24409.55078125
1176,24282.0,24294.857421875,24390.0,24409.94140625
1177,24258.0,24295.326171875,24406.0,24410.84765625
1178,24258.0,24295.5859375,24390.0,24411.583984375
1179,24274.0,24296.21875,24398.0,24412.54296875
1180,24290.0,24296.48828125,24414.0,24413.080078125
1181,24274.0,24296.65625,24398.0,24413.396484375
1182,24282.0,24296.7734375,24414.0,24413.583984375
1183,24266.0,24296.921875,24382.0,24413.72265625
1184,24274.0,24297.09765625,24398.0,24413.78125
1185,24290.0,24297.234375,24406.0,24414.044921875
1186,24282.0,24297.23828125,24414.0,24414.029296875
1187,24266.0,24297.17578125,24382.0,24414.07421875
1188,24298.0,24297.21875,24398.0,24414.212890625
1189,24298.0,24297.3046875,24406.0,24414.369140625
1190,24282.0,24297.17578125,24398.0,24414.28125
1191,24282.0,24297.02734375,24406.0,24414.15234375
1192,24282.0,24296.5390625,24406.0,24413.84765625
1193,24258.0,24296.0078125,24390.0,24413.45703125
1194,24266.0,24295.732421875,24406.0,24413.171875
1195,24258.0,24295.345703125,24406.0,24412.73046875
1196,24274.0,24295.14453125,24398.0,24412.37109375
1197,24282.0,24294.84375,24398.0,24411.9140625
1198,24258.0,24295.0078125,24406.0,24411.78125
1199,24266.0,24295.12109375,24390.0,24411.5625
1200,24274.0,24295.490234375,24390.0,24411.56640625
1201,24258.0,24295.8828125,24406.0,24411.646484375
1202,24274.0,24296.48046875,24414.0,24411.85546875
1203,24266.0,24297.193359375,24398.0,24412.1796875
1204,24298.0,24297.77734375,24390.0,24412.419921875
1205,24274.0,24298.404296875,24398.0,24412.69921875
1206,24290.0,24298.96875,24414.0,24412.92578125
1207,24290.0,24299.654296875,24390.0,24413.26953125
1208,24290.0,24300.201171875,24390.0,24413.42578125
1209,24290.0,24300.720703125,24398.0,24413.5078125
1210,24290.0,24301.10546875,24390.0,24413.62109375
1211,24282.0,24301.51171875,24390.0,24413.73046875
1212,24290.0,24302.0,24398.0,24413.96484375
1213,24290.0,24302.548828125,24414.0,24414.25390625
1214,24308.0,24302.8671875,24414.0,24414.51953125
1215,24298.0,24303.228515625,24414.0,24414.849609375
1216,24274.0,24303.474609375,24414.0,24415.13671875
1217,24290.0,24303.68359375,24422.0,24415.353515625
1218,24290.0,24303.83984375,24414.0,24415.62109375
1219,24282.0,24303.9453125,24414.0,24415.890625
1220,24282.0,24304.08203125,24414.0,24416.16015625
1221,24282.0,24304.20703125,24406.0,24416.470703125
1222,24290.0,24304.41015625,24398.0,24416.8125
1223,24282.0,24304.56640625,24398.0,24417.20703125
1224,24274.0,24304.828125,24414.0,24417.626953125
1225,24298.0,24305.08984375,24422.0,24418.013671875
1226,24290.0,24305.41796875,24414.0,24418.40625
1227,24298.0,24305.74609375,24422.0,24418.833984375
1228,24282.0,24306.04296875,24414.0,24419.248046875
1229,24290.0,24306.326171875,24390.0,24419.705078125
1230,24308.0,24306.6640625,24398.0,24420.125
1231,24274.0,24307.005859375,24382.0,24420.599609375
1232,24316.0,24307.310546875,24398.0,24421.0390625
1233,24308.0,24307.626953125,24398.0,24421.447265625
1234,24308.0,24308.001953125,24390.0,24421.8515625
1235,24290.0,24308.384765625,24398.0,24422.26171875
1236,24274.0,24308.8203125,24390.0,24422.6875
1237,24298.0,24309.251953125,24406.0,24423.115234375
1238,24282.0,24309.69140625,24382.0,24423.546875
1239,24308.0,24310.14453125,24422.0,24423.986328125
1240,24308.0,24310.53515625,24422.0,24424.435546875
1241,24316.0,24310.919921875,24398.0,24424.904296875
1242,24282.0,24311.35546875,24414.0,24425.375
1243,24282.0,24311.78125,24422.0,24425.8515625
1244,24274.0,24312.2421875,24414.0,24426.3125
1245,24308.0,24312.6953125,24414.0,24426.76171875
1246,24298.0,24313.1796875,24406.0,24427.23046875
1247,24298.0,24313.65234375,24414.0,24427.654296875
1248,24282.0,24314.12890625,24422.0,24428.10546875
1249,24282.0,24314.611328125,24398.0,24428.5703125
1250,24290.0,24315.10546875,24422.0,24429.0234375
1251,24274.0,24315.58984375,24422.0,24429.43359375
1252,24298.0,24316.0703125,24432.0,24429.837890625
1253,24282.0,24316.54296875,24448.0,24430.2109375
1254,24266.0,24317.00390625,24422.0,24430.5703125
1255,24274.0,24317.44921875,24432.0,24430.857421875
1256,24282.0,24317.892578125,24432.0,24431.140625
1257,24298.0,24318.35546875,24440.0,24431.47265625
1258,24308.0,24318.7890625,24440.0,24431.7890625
1259,24282.0,24319.21875,24432.0,24432.08203125
1260,24290.0,24319.634765625,24432.0,24432.37109375
1261,24290.0,24320.0390625,24422.0,24432.61328125
1262,24290.0,24320.44140625,24432.0,24432.87890625
1263,24298.0,24320.8203125,24390.0,24433.08984375
1264,24290.0,24321.255859375,24422.0,24433.35546875
1265,24290.0,24321.70703125,24422.0,24433.66796875
1266,24308.0,24322.099609375,24398.0,24433.9453125
1267,24308.0,24322.49609375,24448.0,24434.2265625
1268,24308.0,24322.84375,24414.0,24434.47265625
1269,24308.0,24323.201171875,24440.0,24434.720703125
1270,24290.0,24323.517578125,24432.0,24434.94140625
1271,24308.0,24323.82421875,24432.0,24435.1484375
1272,24290.0,24324.162109375,24432.0,24435.37109375
1273,24308.0,24324.5,24406.0,24435.580078125
1274,24282.0,24324.7734375,24432.0,24435.744140625
1275,24290.0,24325.05078125,24422.0,24435.90234375
1276,24298.0,24325.291015625,24414.0,24436.04296875
1277,24308.0,24325.53125,24414.0,24436.189453125
1278,24290.0,24325.76171875,24440.0,24436.314453125
1279,24298.0,24325.99609375,24432.0,24436.46484375
1280,24308.0,24326.29296875,24432.0,24436.640625
1281,24316.0,24326.6015625,24440.0,24436.826171875
1282,24290.0,24326.853515625,24422.0,24436.9765625
1283,24282.0,24327.13671875,24440.0,24437.1796875
1284,24298.0,24327.375,24414.0,24437.35546875
1285,24298.0,24327.62890625,24432.0,24437.55859375
1286,24290.0,24327.8515625,24414.0,24437.7421875
1287,24308.0,24328.08984375,24440.0,24437.984375
1288,24298.0,24328.33984375,24414.0,24438.23828125
1289,24308.0,24328.576171875,24422.0,24438.45703125
1290,24316.0,24328.7890625,24422.0,24438.66796875
1291,24290.0,24329.0,24422.0,24438.890625
1292,24340.0,24329.205078125,24422.0,24439.109375
1293,24282.0,24329.41015625,24422.0,24439.359375
1294,24324.0,24329.626953125,24432.0,24439.59765625
1295,24332.0,24329.841796875,24432.0,24439.861328125
1296,24298.0,24330.083984375,24432.0,24440.11328125
1297,24324.0,24330.33203125,24440.0,24440.34375
1298,24316.0,24330.57421875,24440.0,24440.58984375
1299,24308.0,24330.8203125,24432.0,24440.826171875
1300,24308.0,24331.05859375,24422.0,24441.08203125
1301,24308.0,24331.296875,24422.0,24441.3359375
1302,24308.0,24331.52734375,24432.0,24441.6015625
1303,24308.0,24331.75,24406.0,24441.8671875
1304,24308.0,24331.953125,24432.0,24442.1015625
1305,24316.0,24332.1640625,24422.0,24442.34765625
1306,24316.0,24332.390625,24432.0,24442.638671875
1307,24316.0,24332.6015625,24422.0,24442.923828125
1308,24308.0,24332.833984375,24432.0,24443.234375
1309,24308.0,24333.046875,24414.0,24443.52734375
1310,24324.0,24333.2890625,24414.0,24443.861328125
1311,24332.0,24333.5078125,24440.0,24444.171875
1312,24308.0,24333.732421875,24464.0,24444.486328125
1313,24298.0,24333.9765625,24422.0,24444.8046875
1314,24308.0,24334.23828125,24422.0,24445.15625
1315,24298.0,24334.4921875,24440.0,24445.482421875
1316,24308.0,24334.74609375,24440.0,24445.81640625
1317,24324.0,24334.984375,24432.0,24446.13671875
1318,24298.0,24335.228515625,24422.0,24446.45703125
1319,24332.0,24335.44921875,24432.0,24446.75
1320,24316.0,24335.669921875,24440.0,24447.02734375
1321,24308.0,24335.90625,24448.0,24447.328125
1322,24348.0,24336.13671875,24432.0,24447.6171875
1323,24308.0,24336.353515625,24422.0,24447.8984375
1324,24324.0,24336.578125,24448.0,24448.181640625
1325,24308.0,24336.7890625,24440.0,24448.443359375
1326,24324.0,24336.9765625,24456.0,24448.701171875
1327,24316.0,24337.1484375,24422.0,24448.9375
1328,24308.0,24337.294921875,24448.0,24449.1875
1329,24324.0,24337.4609375,24456.0,24449.4609375
1330,24308.0,24337.625,24456.0,24449.70703125
1331,24316.0,24337.78125,24456.0,24449.9609375
1332,24332.0,24337.953125,24414.0,24450.19140625
1333,24340.0,24338.119140625,24432.0,24450.423828125
1334,24324.0,24338.298828125,24448.0,24450.6484375
1335,24324.0,24338.46484375,24440.0,24450.861328125
1336,24324.0,24338.63671875,24440.0,24451.109375
1337,24332.0,24338.796875,24440.0,24451.34765625
1338,24324.0,24338.98046875,24440.0,24451.55078125
1339,24324.0,24339.15625,24432.0,24451.75390625
1340,24308.0,24339.3359375,24440.0,24451.935546875
1341,24324.0,24339.515625,24422.0,24452.12109375
1342,24308.0,24339.708984375,24422.0,24452.27734375
1343,24332.0,24339.91796875,24440.0,24452.44140625
1344,24324.0,24340.123046875,24422.0,24452.607421875
1345,24324.0,24340.328125,24448.0,24452.78125
1346,24332.0,24340.541015625,24448.0,24452.93359375
1347,24324.0,24340.78125,24440.0,24453.10546875
1348,24316.0,24341.021484375,24422.0,24453.2734375
1349,24348.0,24341.27734375,24448.0,24453.44921875
1350,24340.0,24341.525390625,24422.0,24453.625
1351,24340.0,24341.80859375,24440.0,24453.81640625
1352,24324.0,24342.078125,24432.0,24454.021484375
1353,24324.0,24342.33203125,24432.0,24454.2109375
1354,24324.0,24342.5859375,24440.0,24454.412109375
1355,24332.0,24342.8515625,24432.0,24454.6171875
1356,24324.0,24343.11328125,24456.0,24454.82421875
1357,24324.0,24343.396484375,24448.0,24455.041015625
1358,24332.0,24343.677734375,24406.0,24455.26171875
1359,24340.0,24343.97265625,24440.0,24455.490234375
1360,24332.0,24344.27734375,24456.0,24455.697265625
1361,24316.0,24344.56640625,24464.0,24455.890625
1362,24298.0,24344.84375,24464.0,24456.11328125
1363,24324.0,24345.1171875,24432.0,24456.326171875
1364,24324.0,24345.37890625,24432.0,24456.564453125
1365,24324.0,24345.64453125,24456.0,24456.798828125
1366,24332.0,24345.90234375,24464.0,24457.048828125
1367,24324.0,24346.16015625,24440.0,24457.30078125
1368,24332.0,24346.43359375,24456.0,24457.521484375
1369,24324.0,24346.716796875,24440.0,24457.75
1370,24324.0,24346.97265625,24448.0,24458.015625
1371,24332.0,24347.23828125,24464.0,24458.283203125
1372,24316.0,24347.4921875,24440.0,24458.572265625
1373,24308.0,24347.74609375,24464.0,24458.85546875
1374,24324.0,24347.98046875,24472.0,24459.16796875
1375,24332.0,24348.20703125,24456.0,24459.4765625
1376,24332.0,24348.435546875,24448.0,24459.775390625
1377,24332.0,24348.666015625,24464.0,24460.06640625
1378,24324.0,24348.884765625,24432.0,24460.38671875
1379,24332.0,24349.08984375,24456.0,24460.6953125
1380,24340.0,24349.30078125,24448.0,24461.015625
1381,24324.0,24349.50390625,24448.0,24461.33984375
1382,24308.0,24349.712890625,24472.0,24461.66015625
1383,24332.0,24349.90234375,24440.0,24461.978515625
1384,24332.0,24350.091796875,24464.0,24462.27734375
1385,24324.0,24350.28515625,24440.0,24462.5703125
1386,24324.0,24350.48828125,24448.0,24462.87109375
1387,24324.0,24350.68359375,24456.0,24463.16796875
1388,24340.0,24350.8828125,24448.0,24463.466796875
1389,24340.0,24351.06640625,24456.0,24463.76171875
1390,24340.0,24351.2734375,24414.0,24464.076171875
1391,24324.0,24351.47265625,24440.0,24464.388671875
1392,24348.0,24351.67578125,24440.0,24464.7421875
1393,24356.0,24351.896484375,24440.0,24465.099609375
1394,24308.0,24352.125,24456.0,24465.421875
1395,24332.0,24352.3671875,24448.0,24465.765625
1396,24332.0,24352.603515625,24464.0,24466.0625
1397,24348.0,24352.83203125,24482.0,24466.35546875
1398,24374.0,24353.06640625,24464.0,24466.62890625
1399,24332.0,24353.30078125,24464.0,24466.90625
1400,24340.0,24353.53515625,24448.0,24467.23828125
1401,24332.0,24353.77734375,24440.0,24467.591796875
1402,24340.0,24354.009765625,24464.0,24467.8515625
1403,24324.0,24354.2421875,24456.0,24468.1328125
1404,24332.0,24354.478515625,24440.0,24468.375
1405,24324.0,24354.71484375,24490.0,24468.6328125
1406,24340.0,24354.92578125,24456.0,24468.802734375
1407,24324.0,24355.125,24440.0,24468.96875
1408,24324.0,24355.30078125,24456.0,24469.11328125
1409,24324.0,24355.470703125,24464.0,24469.244140625
1410,24332.0,24355.6484375,24464.0,24469.345703125
1411,24348.0,24355.802734375,24456.0,24469.41015625
1412,24348.0,24355.984375,24440.0,24469.49609375
1413,24348.0,24356.16796875,24440.0,24469.58984375
1414,24332.0,24356.35546875,24464.0,24469.701171875
1415,24348.0,24356.533203125,24432.0,24469.78515625
1416,24356.0,24356.67578125,24448.0,24469.8671875
1417,24340.0,24356.8046875,24448.0,24469.916015625
1418,24348.0,24356.9921875,24448.0,24470.041015625
1419,24348.0,24357.166015625,24464.0,24470.1484375
1420,24340.0,24357.349609375,24456.0,24470.271484375
1421,24324.0,24357.525390625,24472.0,24470.37890625
1422,24340.0,24357.78125,24464.0,24470.568359375
1423,24340.0,24358.046875,24448.0,24470.787109375
1424,24356.0,24358.373046875,24464.0,24471.01171875
1425,24348.0,24358.703125,24482.0,24471.2578125
1426,24366.0,24359.03125,24464.0,24471.5546875
1427,24348.0,24359.40625,24456.0,24471.921875
1428,24356.0,24359.71875,24448.0,24472.28125
1429,24356.0,24360.037109375,24456.0,24472.640625
1430,24332.0,24360.3359375,24456.0,24473.01171875
1431,24340.0,24360.669921875,24464.0,24473.435546875
1432,24356.0,24361.078125,24482.0,24473.859375
1433,24356.0,24361.49609375,24456.0,24474.28515625
1434,24356.0,24361.765625,24448.0,24474.66796875
1435,24332.0,24362.06640625,24432.0,24475.05859375
1436,24348.0,24362.33203125,24464.0,24475.462890625
1437,24348.0,24362.63671875,24482.0,24475.8984375
1438,24332.0,24362.74609375,24482.0,24476.22265625
1439,24348.0,24362.87109375,24482.0,24476.525390625
1440,24324.0,24362.87890625,24472.0,24476.71875
1441,24348.0,24362.869140625,24456.0,24476.888671875
1442,24340.0,24362.833984375,24464.0,24477.087890625
1443,24356.0,24362.734375,24440.0,24477.193359375
1444,24356.0,24362.71484375,24472.0,24477.3828125
1445,24348.0,24362.673828125,24464.0,24477.50390625
1446,24332.0,24362.7109375,24464.0,24477.712890625
1447,24340.0,24362.69921875,24464.0,24477.83203125
1448,24332.0,24362.6953125,24464.0,24477.966796875
1449,24348.0,24362.693359375,24464.0,24478.18359375
1450,24332.0,24362.849609375,24464.0,24478.49609375
1451,24366.0,24362.986328125,24464.0,24478.8125
1452,24356.0,24363.1640625,24482.0,24479.16015625
1453,24366.0,24363.314453125,24490.0,24479.42578125
1454,24366.0,24363.5859375,24482.0,24479.74609375
1455,24356.0,24363.873046875,24448.0,24480.044921875
1456,24374.0,24364.078125,24456.0,24480.25390625
1457,24348.0,24364.28515625,24464.0,24480.4921875
1458,24348.0,24364.650390625,24498.0,24480.83984375
1459,24340.0,24365.037109375,24464.0,24481.140625
1460,24366.0,24365.44140625,24464.0,24481.3984375
1461,24340.0,24365.85546875,24464.0,24481.80859375
1462,24348.0,24366.4140625,24498.0,24482.427734375
1463,24340.0,24366.978515625,24464.0,24482.92578125
1464,24340.0,24367.6953125,24464.0,24483.830078125
1465,24382.0,24368.380859375,24482.0,24484.45703125
1466,24356.0,24368.953125,24472.0,24484.859375
1467,24366.0,24369.55078125,24472.0,24485.1875
1468,24356.0,24370.109375,24482.0,24485.439453125
1469,24382.0,24370.6640625,24482.0,24485.46875
1470,24348.0,24370.876953125,24498.0,24484.884765625
1471,24356.0,24371.1796875,24490.0,24484.623046875
1472,24332.0,24371.16015625,24490.0,24483.66796875
1473,24356.0,24371.232421875,24482.0,24483.3828125
1474,24356.0,24371.25390625,24482.0,24483.00390625
1475,24374.0,24371.275390625,24464.0,24483.154296875
1476,24382.0,24371.41015625,24472.0,24483.40625
1477,24366.0,24371.666015625,24482.0,24483.94921875
1478,24356.0,24372.1015625,24464.0,24485.05859375
1479,24366.0,24372.412109375,24482.0,24486.015625
1480,24390.0,24372.97265625,24464.0,24487.8125
1481,24356.0,24373.287109375,24482.0,24488.671875
1482,24366.0,24373.71875,24514.0,24489.6875
1483,24332.0,24373.986328125,24482.0,24489.921875
1484,24332.0,24374.349609375,24490.0,24490.171875
1485,24356.0,24374.34375,24490.0,24490.33984375
1486,24366.0,24374.134765625,24464.0,24489.73046875
1487,24356.0,24374.0546875,24472.0,24489.119140625
1488,24356.0,24373.2265625,24464.0,24486.978515625
1489,24356.0,24373.158203125,24498.0,24485.6171875
1490,24366.0,24373.40234375,24456.0,24484.74609375
1491,24356.0,24373.9375,24490.0,24484.234375
1492,24356.0,24375.685546875,24448.0,24485.44140625
1493,24366.0,24377.599609375,24448.0,24486.07421875
1494,24390.0,24378.77734375,24482.0,24486.5546875
1495,24374.0,24380.123046875,24472.0,24487.41015625
1496,24382.0,24379.69921875,24482.0,24486.61328125
1497,24348.0,24378.2734375,24490.0,24486.197265625
1498,24382.0,24377.96484375,24490.0,24487.099609375
1499,24366.0,24376.65234375,24482.0,24487.9375
1500,24356.0,24377.6171875,24464.0,24491.18359375
1501,24366.0,24378.90234375,24498.0,24494.248046875
1502,24348.0,24379.279296875,24482.0,24496.158203125
1503,24356.0,24379.884765625,24482.0,24498.34765625
1504,24366.0,24378.705078125,24464.0,24497.71484375
1505,24366.0,24378.58984375,24490.0,24496.9375
1506,24348.0,24378.146484375,24464.0,24496.82421875
1507,24356.0,24380.265625,24472.0,24497.87890625
1508,24348.0,24383.4921875,24482.0,24498.849609375
1509,24348.0,24379.603515625,24490.0,24495.943359375
1510,24348.0,24375.71875,24464.0,24496.62109375
1511,24366.0,24377.26171875,24472.0,24505.44140625
1512,24356.0,24379.248046875,24498.0,24511.173828125
1513,24348.0,24384.673828125,24482.0,24509.18359375
1514,24390.0,24388.537109375,24514.0,24510.1171875
1515,24348.0,24363.0859375,24464.0,24491.40625
1516,24100.0,24121.208984375,24290.0,24307.130859375
1517,23328.0,23347.3359375,23472.0,23512.7890625
1518,27778.0,27805.904296875,26074.0,26116.873046875
1519,36326.0,36349.99609375,36578.0,36620.84375
1520,41474.0,41461.30859375,42618.0,42666.765625
1521,42100.0,42120.63671875,43464.0,43504.1328125
1522,42174.0,42189.7265625,43572.0,43604.48828125
1523,42192.0,42195.421875,43596.0,43638.41796875
1524,42166.0,42203.3203125,43622.0,43660.6171875
1525,42208.0,42215.8046875,43638.0,43683.703125
1526,42192.0,42224.15625,43680.0,43711.59375
1527,42208.0,42224.0390625,43764.0,43795.36328125
1528,42192.0,42221.6796875,43788.0,43830.40234375
1529,42208.0,42226.7578125,43822.0,43842.6015625
1530,42216.0,42234.2734375,43788.0,43805.7890625
1531,42208.0,42236.75390625,43664.0,43720.9609375
1532,42224.0,42240.34375,43664.0,43701.21875
1533,42224.0,42246.78515625,43654.0,43693.8671875
1534,42232.0,42252.8515625,43664.0,43701.5
1535,42232.0,42259.109375,43654.0,43709.3828125
1536,42250.0,42264.140625,43704.0,43712.63671875
1537,42258.0,42267.3125,43696.0,43715.53125
1538,42258.0,42271.0390625,43672.0,43724.46875
1539,42250.0,42274.05859375,43688.0,43734.55078125
1540,42250.0,42277.8984375,43688.0,43739.51171875
1541,42274.0,42283.8046875,43696.0,43743.91015625
1542,42266.0,42289.1796875,43704.0,43749.3515625
1543,42266.0,42295.59765625,43730.0,43754.328125
1544,42258.0,42301.87890625,43704.0,43759.453125
1545,42290.0,42307.18359375,43696.0,43764.671875
1546,42282.0,42312.359375,43722.0,43769.91796875
1547,42300.0,42316.96875,43746.0,43774.7578125
1548,42308.0,42321.46484375,43722.0,43779.9609375
1549,42308.0,42326.25390625,43730.0,43785.0546875
1550,42300.0,42330.69921875,43746.0,43791.2265625
1551,42300.0,42334.5859375,43756.0,43797.1171875
1552,42316.0,42338.640625,43796.0,43799.9609375
1553,42290.0,42342.44140625,43780.0,43803.13671875
1554,42282.0,42345.9375,43764.0,43806.34375
1555,42340.0,42348.70703125,43746.0,43808.90625
1556,42332.0,42351.4765625,43756.0,43812.20703125
1557,42324.0,42354.46875,43780.0,43815.546875
1558,42332.0,42357.234375,43772.0,43818.26171875
1559,42340.0,42359.80078125,43796.0,43820.45703125
1560,42358.0,42362.30078125,43788.0,43822.44140625
1561,42332.0,42364.3125,43788.0,43824.27734375
1562,42340.0,42366.53125,43796.0,43826.359375
1563,42350.0,42368.8359375,43780.0,43828.18359375
1564,42358.0,42371.0546875,43788.0,43830.16015625
1565,42332.0,42373.68359375,43806.0,43831.44140625
1566,42358.0,42376.796875,43806.0,43833.4609375
1567,42358.0,42380.7421875,43806.0,43835.64453125
1568,42340.0,42385.21875,43822.0,43838.0546875
1569,42382.0,42389.83984375,43806.0,43841.64453125
1570,42382.0,42394.38671875,43806.0,43845.53125
1571,42366.0,42399.515625,43822.0,43850.6484375
1572,42382.0,42404.140625,43838.0,43855.515625
1573,42374.0,42409.453125,43822.0,43860.1953125
1574,42390.0,42414.515625,43806.0,43865.19140625
1575,42382.0,42419.21484375,43846.0,43870.125
1576,42408.0,42424.1796875,43846.0,43875.328125
1577,42408.0,42428.41796875,43838.0,43880.640625
1578,42424.0,42432.14453125,43856.0,43885.53125
1579,42390.0,42434.6640625,43856.0,43889.515625
1580,42408.0,42437.5078125,43856.0,43894.4140625
1581,42416.0,42438.8046875,43856.0,43898.796875
1582,42398.0,42439.34375,43872.0,43901.01171875
1583,42408.0,42439.8828125,43856.0,43902.87109375
1584,42398.0,42438.46484375,43872.0,43902.109375
1585,42398.0,42438.0078125,43864.0,43900.125
1586,42390.0,42438.9140625,43838.0,43898.44140625
1587,42398.0,42442.703125,43846.0,43897.921875
1588,42408.0,42449.7109375,43838.0,43899.8671875
1589,42432.0,42456.234375,43856.0,43901.13671875
1590,42432.0,42462.23046875,43856.0,43903.51171875
1591,42466.0,42469.0390625,43838.0,43907.296875
1592,42448.0,42474.6171875,43856.0,43910.51953125
1593,42458.0,42480.4921875,43856.0,43916.19921875
1594,42448.0,42484.65234375,43896.0,43923.41796875
1595,42466.0,42485.859375,43896.0,43931.625
1596,42458.0,42490.07421875,43888.0,43944.65625
1597,42466.0,42495.94140625,43922.0,43956.0
1598,42466.0,42501.36328125,43922.0,43960.75
1599,42474.0,42506.5390625,43922.0,43962.9140625
1600,42490.0,42512.61328125,43914.0,43963.47265625
1601,42490.0,42518.328125,43930.0,43966.37890625
1602,42490.0,42522.8671875,43956.0,43971.15234375
1603,42490.0,42526.2421875,43946.0,43981.015625
1604,42506.0,42531.46484375,43956.0,43996.8515625
1605,42506.0,42537.515625,44056.0,44092.88671875
1606,42506.0,42542.5625,44122.0,44159.640625
1607,42524.0,42549.2890625,44164.0,44192.671875
1608,42498.0,42552.79296875,44172.0,44185.49609375
1609,42548.0,42554.796875,44064.0,44113.41796875
1610,42540.0,42560.5,43980.0,44048.31640625
1611,42532.0,42565.25390625,43988.0,44029.3828125
1612,42540.0,42564.4375,43980.0,44014.53515625
1613,42548.0,42564.078125,43972.0,44020.51953125
1614,42574.0,42589.39453125,43956.0,44018.515625
1615,42632.0,42646.94921875,43980.0,44017.12890625
1616,42640.0,42675.3984375,43956.0,44015.96875
1617,42632.0,42681.26953125,43980.0,44013.7265625
1618,42648.0,42673.984375,43988.0,44015.99609375
1619,42648.0,42662.1875,43980.0,44019.44921875
1620,42590.0,42627.26171875,43980.0,44020.25390625
1621,42582.0,42597.9609375,43972.0,44022.12109375
1622,42548.0,42588.484375,43996.0,44024.4296875
1623,42582.0,42592.51953125,43972.0,44028.6171875
1624,42566.0,42598.1640625,43988.0,44033.0078125
1625,42582.0,42602.375,44014.0,44036.5546875
1626,42582.0,42605.3984375,44006.0,44037.37109375
1627,42556.0,42608.8828125,43988.0,44037.515625
1628,42582.0,42613.01171875,43996.0,44042.6015625
1629,42582.0,42616.7421875,44022.0,44051.3515625
1630,42624.0,42619.78515625,44030.0,44058.859375
1631,42598.0,42623.0390625,44014.0,44064.29296875
1632,42582.0,42624.95703125,44030.0,44069.90234375
1633,42614.0,42626.66015625,44072.0,44074.90234375
1634,42614.0,42628.35546875,44030.0,44080.29296875
1635,42606.0,42629.8828125,44056.0,44084.140625
1636,42598.0,42631.6171875,44064.0,44088.24609375
1637,42632.0,42633.3203125,44072.0,44092.89453125
1638,42614.0,42635.625,44064.0,44096.484375
1639,42640.0,42638.06640625,44056.0,44100.171875
1640,42640.0,42641.40234375,44080.0,44102.6328125
1641,42614.0,42644.75,44056.0,44104.875
1642,42624.0,42648.19921875,44072.0,44107.16015625
1643,42656.0,42652.109375,44072.0,44109.734375
1644,42624.0,42655.6328125,44056.0,44112.65625
1645,42648.0,42659.45703125,44080.0,44116.55859375
1646,42640.0,42662.92578125,44106.0,44121.0234375
1647,42640.0,42666.9375,44088.0,44126.16796875
1648,42632.0,42670.15625,44106.0,44132.23046875
1649,42648.0,42672.8984375,44088.0,44138.1171875
1650,42656.0,42676.09375,44106.0,44144.0234375
1651,42640.0,42679.0625,44122.0,44149.86328125
1652,42664.0,42682.54296875,44114.0,44155.2109375
1653,42664.0,42686.60546875,44122.0,44159.5234375
1654,42690.0,42691.11328125,44122.0,44163.66796875
1655,42706.0,42695.8984375,44138.0,44167.0703125
1656,42674.0,42700.859375,44130.0,44169.796875
1657,42682.0,42704.5546875,44122.0,44173.36328125
1658,42698.0,42708.91015625,44138.0,44177.1484375
1659,42714.0,42712.9765625,44114.0,44181.16796875
1660,42682.0,42716.71875,44156.0,44186.203125
1661,42732.0,42721.515625,44148.0,44190.53125
1662,42722.0,42726.65234375,44156.0,44194.80859375
1663,42706.0,42732.58203125,44180.0,44199.3671875
1664,42740.0,42738.53125,44172.0,44203.25
1665,42732.0,42743.8828125,44148.0,44207.94921875
1666,42732.0,42749.609375,44172.0,44212.78515625
1667,42740.0,42756.7578125,44188.0,44218.00390625
1668,42748.0,42765.3359375,44188.0,44223.57421875
1669,42772.0,42771.453125,44180.0,44229.59375
1670,42764.0,42774.890625,44188.0,44235.3515625
1671,42748.0,42776.2578125,44214.0,44240.578125
1672,42748.0,42776.50390625,44214.0,44245.4921875
1673,42782.0,42790.04296875,44214.0,44249.578125
1674,42798.0,42822.69921875,44230.0,44253.78515625
1675,42856.0,42866.24609375,44206.0,44258.328125
1676,42888.0,42915.5,44230.0,44262.8046875
1677,42914.0,42936.93359375,44222.0,44261.9609375
1678,42880.0,42928.89453125,44238.0,44262.6640625
1679,42848.0,42885.46484375,44238.0,44267.40625
1680,42822.0,42834.35546875,44238.0,44267.09375
1681,42790.0,42815.3515625,44248.0,44270.26953125
1682,42782.0,42812.640625,44248.0,44281.515625
1683,42798.0,42817.9140625,44248.0,44293.9921875
1684,42806.0,42825.84375,44264.0,44312.3828125
1685,42798.0,42829.46875,44298.0,44348.9296875
1686,42814.0,42835.05859375,44398.0,44423.0390625
1687,42822.0,42841.890625,44430.0,44457.078125
1688,42798.0,42841.66015625,44440.0,44471.328125
1689,42822.0,42840.25,44406.0,44432.57421875
1690,42814.0,42841.21484375,44306.0,44340.98828125
1691,42814.0,42841.171875,44264.0,44313.078125
1692,42806.0,42843.8203125,44256.0,44305.421875
1693,42830.0,42846.58203125,44298.0,44311.515625
1694,42806.0,42849.46484375,44272.0,44318.1796875
1695,42840.0,42852.9375,44280.0,44325.953125
1696,42840.0,42855.9375,44280.0,44329.8515625
1697,42864.0,42859.0234375,44306.0,44329.6484375
1698,42840.0,42862.7265625,44288.0,44331.796875
1699,42814.0,42867.19140625,44298.0,44332.7109375
1700,42864.0,42871.3984375,44288.0,44332.75
1701,42840.0,42876.0078125,44288.0,44336.16015625
1702,42856.0,42880.8203125,44306.0,44340.359375
1703,42830.0,42886.32421875,44288.0,44346.2109375
1704,42864.0,42892.03125,44340.0,44353.9921875
1705,42880.0,42897.1875,44330.0,44361.1328125
1706,42864.0,42902.19921875,44340.0,44367.68359375
1707,42864.0,42907.1484375,44330.0,44374.56640625
1708,42888.0,42912.0859375,44330.0,44379.9765625
1709,42880.0,42917.44921875,44322.0,44384.09765625
1710,42906.0,42922.09375,44372.0,44387.9765625
1711,42888.0,42926.796875,44390.0,44391.01953125
1712,42914.0,42930.8515625,44356.0,44393.8671875
1713,42914.0,42934.6484375,44372.0,44397.828125
1714,42906.0,42938.48046875,44372.0,44401.57421875
1715,42914.0,42941.8828125,44364.0,44405.7421875
1716,42898.0,42945.66015625,44356.0,44410.1171875
1717,42930.0,42949.1875,44398.0,44413.91015625
1718,42906.0,42953.140625,44364.0,44418.44921875
1719,42922.0,42956.8046875,44372.0,44422.92578125
1720,42922.0,42960.796875,44390.0,44427.953125
1721,42914.0,42965.11328125,44398.0,44433.28125
1722,42938.0,42969.66796875,44390.0,44438.8828125
1723,42948.0,42974.3671875,44406.0,44444.625
1724,42964.0,42978.875,44406.0,44449.96484375
1725,42956.0,42983.3671875,44414.0,44455.640625
1726,42948.0,42988.03125,44414.0,44461.44921875
1727,42956.0,42992.625,44422.0,44466.93359375
1728,42988.0,42997.23046875,44440.0,44472.71484375
1729,42956.0,43001.6796875,44440.0,44477.75
1730,42996.0,43006.13671875,44440.0,44482.49609375
1731,42988.0,43010.4140625,44440.0,44486.53125
1732,42996.0,43014.84375,44448.0,44490.37109375
1733,42964.0,43019.2734375,44448.0,44494.046875
1734,42980.0,43023.39453125,44448.0,44497.40234375
1735,42980.0,43027.5703125,44448.0,44500.6875
1736,43014.0,43031.26953125,44440.0,44503.67578125
1737,42988.0,43035.1015625,44448.0,44507.59375
1738,42980.0,43039.0546875,44448.0,44511.5625
1739,43006.0,43043.12890625,44472.0,44516.3359375
1740,43006.0,43047.3828125,44464.0,44520.84375
1741,43022.0,43051.58203125,44514.0,44524.69140625
1742,43022.0,43056.15625,44464.0,44529.8515625
1743,43030.0,43060.68359375,44456.0,44534.5546875
1744,43014.0,43065.8125,44464.0,44541.0859375
1745,43030.0,43071.08203125,44522.0,44548.6328125
1746,43064.0,43076.0078125,44514.0,44555.25390625
1747,43056.0,43080.9375,44530.0,44562.265625
1748,43038.0,43085.21875,44540.0,44567.58203125
1749,43046.0,43089.44921875,44522.0,44571.03125
1750,43064.0,43093.4921875,44522.0,44574.453125
1751,43064.0,43097.21875,44506.0,44576.390625
1752,43064.0,43101.171875,44540.0,44578.4375
1753,43088.0,43104.8984375,44556.0,44582.75
1754,43080.0,43108.08984375,44540.0,44586.640625
1755,43080.0,43110.8515625,44548.0,44591.1171875
1756,43064.0,43113.83203125,44564.0,44598.47265625
1757,43088.0,43118.7578125,44556.0,44602.90234375
1758,43064.0,43122.71875,44590.0,44603.44140625
1759,43088.0,43123.94140625,44564.0,44602.07421875
1760,43104.0,43124.40625,44572.0,44604.0703125
1761,43096.0,43126.89453125,44590.0,44612.7265625
1762,43088.0,43130.328125,44598.0,44619.63671875
1763,43104.0,43133.9375,44580.0,44623.8046875
1764,43096.0,43140.1484375,44714.0,44715.69140625
1765,43096.0,43143.671875,44772.0,44780.4140625
1766,43138.0,43146.95703125,44790.0,44814.5
1767,43146.0,43152.140625,44772.0,44803.0546875
1768,43114.0,43151.59765625,44698.0,44712.4375
1769,43114.0,43151.609375,44622.0,44659.70703125
1770,43130.0,43155.34375,44614.0,44652.6796875
1771,43122.0,43158.6640625,44614.0,44650.734375
1772,43154.0,43171.48828125,44640.0,44652.34765625
1773,43204.0,43233.4921875,44622.0,44655.3515625
1774,43272.0,43276.046875,44640.0,44659.25390625
1775,43262.0,43285.4765625,44622.0,44663.71875
1776,43254.0,43271.921875,44622.0,44666.48046875
1777,43246.0,43246.50390625,44648.0,44667.22265625
1778,43172.0,43210.5625,44648.0,44669.5234375
1779,43154.0,43185.25,44648.0,44670.7578125
1780,43180.0,43177.078125,44664.0,44672.46875
1781,43188.0,43176.140625,44640.0,44674.71484375
1782,43164.0,43173.90625,44656.0,44676.23046875
1783,43172.0,43175.7734375,44656.0,44676.84375
1784,43154.0,43180.48046875,44656.0,44677.96875
1785,43146.0,43182.625,44656.0,44680.625
1786,43180.0,43188.36328125,44648.0,44682.83203125
1787,43164.0,43194.3671875,44656.0,44685.43359375
1788,43172.0,43199.83984375,44672.0,44688.47265625
1789,43188.0,43204.49609375,44682.0,44690.87890625
1790,43188.0,43207.0078125,44664.0,44692.5
1791,43180.0,43209.4375,44672.0,44693.90234375
